petrichor	n.	the earthy scent produced when rain falls on dry ground	coined in 1964 from Greek petra "stone" + ichōr, the fluid in the veins of the gods
defenestrate	v.	to throw someone or something out of a window	from Latin de- "down from" + fenestra "window"
susurrus	n.	a soft whispering or rustling sound	from Latin susurrus "a whisper", imitative of the sound
sesquipedalian	adj.	given to using long words; (of a word) having many syllables	from Latin sesquipedalis, "a foot and a half long" (Horace's sesquipedalia verba)
apricity	n.	the warmth of the sun in winter	from Latin apricitas, from apricus "warmed by the sun"
snollygoster	n.	a shrewd, unprincipled person, especially a politician	19th-century American slang of uncertain origin
ultracrepidarian	n.	a person who gives opinions on matters beyond their knowledge	from Latin ultra crepidam, "beyond the sandal": a cobbler told to stick to shoes
abecedarian	n.	a beginner, especially one learning the letters of the alphabet	from Late Latin abecedarius "alphabetical", from the letters a, b, c, d
absquatulate	v.	to leave abruptly; to make off or decamp	a 19th-century American mock-Latin coinage of uncertain formation
acedia	n.	spiritual or mental sloth; listless apathy	from Late Latin acedia, from Greek akēdia "indifference", from a- "not" + kēdos "care"
afflatus	n.	a divine creative impulse or inspiration	from Latin afflatus "a breathing on", from afflare "to blow on"
agelast	n.	a person who never laughs	from Greek agelastos "not laughing", from a- "not" + gelan "to laugh"
agley	adv.	awry or askew, as of plans that go wrong in Robert Burns's "To a Mouse" (chiefly Scottish)	from a- "on" + Scots gley "to squint"
ailurophile	n.	a person who loves cats; a cat fancier	from Greek ailouros "cat" + -phile "lover"
alliaceous	adj.	smelling or tasting of garlic or onions	from Latin allium "garlic"
amphigory	n.	a nonsense verse or burlesque composition	from French amphigouri, of unknown origin
anagnorisis	n.	the moment in a drama when a character recognizes the true state of affairs	from Greek anagnōrisis "recognition"
anent	prep.	about or concerning; regarding (now chiefly Scottish or archaic)	from Old English on efn "alongside", literally "on even (ground) with"
anfractuous	adj.	full of windings and intricate turnings; tortuous	ultimately from Latin anfractus "a bend, winding"
apotropaic	adj.	intended to ward off evil or bad luck	from Greek apotropaios "averting evil", from apotrepein "to turn away"
ataraxia	n.	a state of serene calm, free from emotional disturbance and anxiety	from Greek ataraxia "impassiveness", from a- "not" + tarassein "to disturb"
atrabilious	adj.	melancholy or bad-tempered; bilious in disposition	from Latin atra bilis "black bile", thought to cause melancholy
aubade	n.	a poem or song about or greeting the dawn	from French aubade "dawn serenade", ultimately from Latin albus "white"
bafflegab	n.	confusing, wordy jargon, especially the language of officials	from baffle + gab; an American coinage of the 1950s
barmecidal	adj.	giving only the illusion of plenty; illusory, like an imagined feast	from Barmecide, a lord in the Arabian Nights who serves a beggar an imaginary feast
bedizen	v.	to dress or decorate in a gaudy, vulgar way	from be- + dizen "to dress up"
benison	n.	a blessing, especially one that is spoken	from Old French, from Latin benedictio "blessing"
bezoar	n.	a hard mass found in an animal's stomach, once prized as an antidote to poison	via Arabic from Persian pādzahr "antidote"
bibliopole	n.	a dealer in books, especially rare or collectible ones	from Greek bibliopōlēs, from biblion "book" + pōlein "to sell"
blatherskite	n.	a person who talks at great length without making much sense	from blather + Scots skite "a contemptible person"
borborygmus	n.	a rumbling or gurgling sound made by gas in the intestines	from Greek borborygmos, imitative of the sound
boustrophedon	n.	writing in which lines run alternately right to left and left to right	from Greek boustrophēdon "turning like oxen in plowing", from bous "ox"
brabble	v.	to quarrel noisily about trifles	perhaps from Middle Dutch brabbelen "to jabber"
brachiate	v.	to swing from branch to branch using the arms, as gibbons do	from Latin brachium "arm"
brummagem	adj.	cheap and showy; tawdry in quality	from Brummagem, a local form of Birmingham, England, once noted for counterfeit coins
dacoit	n.	a member of an armed gang of robbers in India or Myanmar	from Hindi ḍakait
daedal	adj.	intricate and ingenious in design; skillfully made	from Latin daedalus "skillful", from Greek daidalos "cunningly wrought"
deasil	adv.	clockwise; in the direction of the sun's apparent course, formerly thought lucky	from Scottish Gaelic deiseil "sunwise"
deave	v.	to deafen or pester someone with noise or chatter (Scots and dialect)	from Old English, related to deaf
debouch	v.	to emerge from a narrow or confined place into open country	from French déboucher, from bouche "mouth"
decumbent	adj.	lying down; of a plant stem, lying along the ground with the tip curving upward	from Latin decumbere "to lie down"
decussate	v.	to cross or intersect so as to form an X	from Latin decussare, from decussis "the number ten (written X)"
defalcate	v.	to misappropriate money held in trust; to embezzle	from Medieval Latin defalcare "to cut off, deduct", from Latin falx "sickle"
deflagrate	v.	to burn, or cause to burn, suddenly and fiercely with sparks and great heat	from Latin deflagrare "to burn down", from flagrare "to burn"
dégringolade	n.	a rapid decline or deterioration; a downfall	from French, from dégringoler "to tumble down"
degust	v.	to taste something slowly and attentively so as to savor it	from Latin degustare "to taste", from gustare "to taste"
dehisce	v.	to burst open along a natural seam, as a ripe seed pod does	from Latin dehiscere "to split open", from hiscere "to gape"
dehort	v.	to urge someone not to do something; to dissuade (archaic)	from Latin dehortari "to dissuade", from hortari "to urge"
deipnosophist	n.	a person skilled in the art of dinner-table conversation	from Greek deipnon "meal" + sophistēs "wise man", after a work by Athenaeus
dele	v.	to strike out a marked letter, word or passage in proofreading	from Latin dele "delete!", imperative of delere "to destroy"
deliquesce	v.	to dissolve and become liquid by absorbing moisture from the air, as some salts do	from Latin deliquescere "to melt away", from liquescere "to become liquid"
delitescent	adj.	lying hidden; concealed or latent	from Latin delitescere "to hide away", from latere "to lie hidden"
demulcent	n.	a soothing substance, such as a syrup or oil, that relieves irritated mucous membranes	from Latin demulcere "to soothe", from mulcere "to stroke, soothe"
deodand	n.	in former English law, a thing that caused a person's death, forfeited to the Crown for pious uses	from Medieval Latin deodandum "a thing to be given to God"
depone	v.	to testify or declare under oath (chiefly Scots law)	from Latin deponere "to put down"
desiderium	n.	an ardent longing, especially grief for something once possessed and now lost	from Latin desiderium "longing, regret", from desiderare "to long for"
despumate	v.	to skim off the scum or froth from a liquid	from Latin despumare "to skim", from spuma "foam"
desquamate	v.	to peel or come off in scales, as skin does	from Latin desquamare, from squama "scale"
devoir	n.	one's duty; in the plural, formal expressions of courtesy or respect	from Anglo-French deveir "duty", from Latin debere "to owe"
diablerie	n.	sorcery or black magic; dealings with the devil	from French, from diable "devil"
diastema	n.	a gap between two teeth, such as between the upper front teeth	via Late Latin from Greek diastēma "interval"
dight	v.	to dress or adorn; to equip or make ready (archaic)	from Old English dihtan "to arrange, compose", from Latin dictare "to dictate"
dingle	n.	a small, deep, wooded valley; a dell	origin unknown
discalced	adj.	barefoot or wearing only sandals, as members of certain religious orders are	from Latin discalceatus "unshod", from calceus "shoe"
discommode	v.	to cause someone inconvenience or trouble	from Middle French discommoder, from commode "convenient"
disembogue	v.	to flow out at the mouth into a sea or lake, as a river does	from Spanish desembocar, from boca "mouth"
dishabille	n.	the state of being dressed only partly or in a casual, careless way	from French déshabillé "undressed", from déshabiller "to undress"
dispiteous	adj.	without pity; cruel (archaic)	from Middle English despitous, from despit "contempt, spite"
disprize	v.	to undervalue or hold in contempt (archaic)	from Middle French despriser
dissilient	adj.	bursting apart or open, as the ripe seed pods of some plants do	from Latin dissilire "to leap apart", from salire "to leap"
distich	n.	a pair of verse lines forming a unit; a couplet	via Latin from Greek distichon, from di- "two" + stichos "row, line"
distrain	v.	to seize someone's property in order to force payment of a debt, especially rent	via Anglo-French from Latin distringere "to draw apart, detain"
dithyramb	n.	a wild, impassioned choral hymn, originally in honor of Dionysus; any wildly enthusiastic writing	via Latin from Greek dithyrambos, of uncertain origin
dittography	n.	the accidental repetition of a letter, word or passage by a copyist	from Greek dittos "double" + -graphy
divagate	v.	to stray or wander, especially from the subject in speech or writing	from Late Latin divagari "to wander about", from vagari "to wander"
divaricate	v.	to spread apart or branch off at a wide angle	from Latin divaricare "to spread apart", from varicare "to straddle"
doch-an-dorris	n.	a parting drink taken at the door before leaving; a stirrup cup	from Scottish Gaelic deoch an doruis "drink of the door"
doggo	adv.	out of sight and keeping still, lying low; used chiefly after the verb "lie"	probably from dog
dottle	n.	the plug of unburned or half-burned tobacco left in a pipe after smoking	from Middle English dottel "plug"
douceur	n.	a gift or payment given to win a favor; a gratuity or bribe	from French, literally "sweetness"
draff	n.	dregs or refuse, especially the spent malt left after brewing	from Middle English draf; related to Dutch draf
draggle	v.	to make something wet and dirty by dragging it along the ground	from drag, with the frequentative suffix -le
dragoman	n.	an interpreter and guide, especially in countries where Arabic, Turkish or Persian is spoken	via French and Medieval Greek from Arabic tarjumān "interpreter", itself from Aramaic
drawcansir	n.	a blustering, swaggering bully	from Drawcansir, a blustering character in the Duke of Buckingham's play The Rehearsal (1671)
dree	v.	to endure or suffer, especially one's fate (chiefly Scots)	from Old English drēogan "to endure"
dryasdust	n.	a dull, pedantic writer or scholar preoccupied with dry facts	from Dr. Jonas Dryasdust, a fictitious antiquary to whom Walter Scott addressed some prefaces
dudeen	n.	a short clay tobacco pipe	from Irish dúidín, diminutive of dúd "pipe"
dulcify	v.	to make something sweet or less harsh; to mollify	from Late Latin dulcificare, from Latin dulcis "sweet"
dumbledore	n.	a bumblebee (British dialect)	from dialect dumble, perhaps imitative of buzzing, + dor "buzzing insect"
duniwassal	n.	a Scottish Highland gentleman of secondary rank, below a chief	from Scottish Gaelic duine uasal "gentleman", from duine "man" + uasal "noble"
dunnage	n.	loose material packed around cargo in a ship's hold to protect it	origin unknown
durance	n.	imprisonment or confinement (now chiefly literary)	from Old French durance "duration", from durer "to last"
dyslogistic	adj.	conveying disapproval or censure; the opposite of eulogistic	from dys- "bad" + -logistic, as in eulogistic
dysphemism	n.	the use of a harsher or more disparaging word in place of a neutral one	from dys- "bad" + -phemism, modeled on euphemism
earthshine	n.	faint light on the dark part of the moon, caused by sunlight reflected from the earth	from earth + shine
ebriety	n.	drunkenness; the state of being intoxicated	from Latin ebrietas, from ebrius "drunk"
ecdysis	n.	the molting or shedding of an outer skin or shell, as by insects, crustaceans and snakes	from Greek ekdysis, from ekdyein "to strip off"
ecumene	n.	the inhabited world; the part of the earth permanently settled by humans	from Greek oikoumenē "the inhabited (earth)", from oikein "to inhabit"
edentulous	adj.	lacking teeth; toothless	from Latin edentulus "toothless", from dens "tooth"
effleurage	n.	a light, gliding stroking movement used in massage	from French, from effleurer "to touch lightly", from fleur "flower"
eftsoons	adv.	soon afterward (archaic)	from Old English eftsōna, from eft "again" + sōna "soon"
eggcorn	n.	a mistaken word or phrase that sounds like and plausibly replaces the original, as "old-timer's disease"	coined by linguists in 2003, from "egg corn", a mishearing of "acorn"
eidolon	n.	a phantom or insubstantial image; an apparition	from Greek eidōlon "image, phantom"
eisegesis	n.	the interpretation of a text by reading one's own ideas into it	from Greek eisēgēsis "introduction", from eis "into" + hēgeisthai "to lead"
ekphrasis	n.	a vivid literary description of a work of visual art	from Greek ekphrasis "description", from ekphrazein "to describe"
eleemosynary	adj.	relating to or dependent on charity; charitable	from Medieval Latin eleemosynarius, from Late Latin eleemosyna "alms"
elenchus	n.	a logical refutation, especially the Socratic method of questioning that exposes contradictions	via Latin from Greek elenchos "refutation, cross-examination"
elflock	n.	a lock of hair tangled as if by elves	from elf + lock "a tress of hair"
eloign	v.	to remove oneself or something to a distance (archaic)	from Anglo-French esloigner, ultimately from Latin longe "far"
elytron	n.	either of the hardened forewings of a beetle, which cover and protect the hind wings	from Greek elytron "sheath, cover"
embonpoint	n.	plumpness or stoutness of figure	from French en bon point "in good condition"
embrangle	v.	to entangle or embroil in confusion or a quarrel	from em- + obsolete brangle "to squabble"
embrocation	n.	a liquid rubbed onto the body to relieve pain or stiffness; a liniment	from Medieval Latin embrocatio, from Greek embrochē "lotion"
emmet	n.	an ant (archaic or dialect)	from Old English æmete "ant"
emprise	n.	an adventurous or chivalric undertaking (archaic)	from Old French emprise, from emprendre "to undertake"
empyreuma	n.	the peculiar smell of organic matter burned in a closed vessel	from Greek empyreuma "live coal", from empyreuein "to kindle"
enchiridion	n.	a handbook or manual	via Late Latin from Greek encheiridion "handbook", from en "in" + cheir "hand"
energumen	n.	a person possessed by an evil spirit; hence, a fanatic	via Late Latin from Greek energoumenos, from energein "to work, act on"
enfeoff	v.	to invest someone with a fief or other landed estate, under feudal law	from Anglo-French enfeoffer, from fief "fief"
enisle	v.	to isolate on, or as if on, an island (poetic)	from en- + isle
ensorcell	v.	to enchant or fascinate someone as if by magic	from French ensorceler, from sorcier "sorcerer"
entelechy	n.	in Aristotle's philosophy, the full realization of a thing's potential, as opposed to mere potentiality	via Late Latin from Greek entelecheia, from entelēs "complete" + echein "to have"
enthymeme	n.	a syllogism in which one premise is left unstated but implied	via Latin from Greek enthymēma "thought, argument", from enthymeisthai "to consider"
entresol	n.	a low story between the ground floor and the first floor; a mezzanine	from French, from entre "between" + sol "floor, ground"
eolith	n.	a crudely chipped flint once thought to be among the earliest human tools	from Greek ēōs "dawn" + lithos "stone"
epanorthosis	n.	the immediate rewording of something just said, to strengthen or correct it ("brave, or rather reckless")	via Late Latin from Greek epanorthōsis "correction"
epergne	n.	an ornamental centerpiece for a dinner table, with several arms holding dishes or vases	perhaps from French épargne "saving, economy"
ephebe	n.	a young man; especially, a youth of ancient Greece aged 18 to 20	via Latin from Greek ephēbos, from epi "upon" + hēbē "youth"
epicedium	n.	a funeral ode or elegy; a dirge	via Latin from Greek epikēdeion, from epi "upon" + kēdos "care, mourning"
eremite	n.	a hermit or religious recluse	via Late Latin from Greek erēmitēs, from erēmos "desolate, solitary"
erethism	n.	abnormal irritability or sensitivity of a body part or of the mind	from French éréthisme, from Greek erethismos "irritation", from erethizein "to irritate"
erinaceous	adj.	of, like or relating to the hedgehog	from Latin erinaceus "hedgehog"
eristic	adj.	of or given to argument aimed at winning rather than at finding the truth	from Greek eristikos, from erizein "to wrangle", from eris "strife"
erose	adj.	having an irregularly notched or toothed edge, as if gnawed	from Latin erosus "gnawed away", past participle of erodere
eructation	n.	the act or an instance of belching	from Latin eructare "to belch out", from ructare "to belch"
esculent	adj.	fit to be eaten; edible	from Latin esculentus, from esca "food"
esemplastic	adj.	having the power to shape diverse things into a unified whole, as the imagination does	coined by Coleridge (1817) from Greek eis hen "into one" + plastic
esprit de l'escalier	n.	a clever retort that occurs to one only after the chance to make it has passed	from French, literally "wit of the staircase"
estaminet	n.	a small, modest café or bar, especially in France or Belgium	from French, of Walloon origin
estivate	v.	to spend a hot or dry period in a dormant state, as some animals do	from Latin aestivare "to spend the summer", from aestas "summer"
esurient	adj.	hungry or greedy; ravenous	from Latin esurire "to be hungry", from edere "to eat"
etiolate	v.	to make a plant pale and spindly by growing it without light; to make feeble	from French étioler
eupeptic	adj.	having good digestion; hence, cheerful and optimistic	from Greek eupeptos "digesting well", from peptein "to digest"
euphuism	n.	an artificial, highly elaborate style of writing or speaking	from Euphues, the hero of John Lyly's prose romances (1578-80)
evanish	v.	to vanish or fade away (poetic)	from Middle French esvanir, ultimately from Latin evanescere "to vanish"
evenfall	n.	the beginning of evening; dusk (literary)	from even "evening" + fall
evert	v.	to turn something inside out or outward	from Latin evertere "to overturn", from vertere "to turn"
exanimate	adj.	lifeless, or seemingly lifeless; spiritless	from Latin exanimatus, past participle of exanimare "to deprive of life"
excogitate	v.	to think out carefully; to devise or contrive	from Latin excogitare "to think out", from cogitare "to think"
exeat	n.	a formal leave of absence, as from a college or monastery	from Latin exeat "let him go out"
exequy	n.	a funeral rite; usually in the plural, funeral ceremonies	from Latin exsequiae "funeral procession", from exsequi "to follow out"
exergue	n.	the space on a coin or medal below the central design, often holding the date	from French, probably from Greek ex "outside" + ergon "work"
exiguous	adj.	very small in size or amount; meager	from Latin exiguus "scanty", from exigere "to weigh exactly"
exordium	n.	the introductory part of a speech or treatise	from Latin exordium "beginning", from exordiri "to begin"
expiscate	v.	to find something out by careful and skillful investigation (chiefly Scots)	from Latin expiscari "to fish out", from piscis "fish"
extispicy	n.	divination by examining the entrails of sacrificed animals	from Latin extispicium, from exta "entrails" + specere "to look at"
eyas	n.	a young hawk taken from the nest for training in falconry	from Middle French niais "nestling", the n lost by misdividing "a neyas"
eyot	n.	a small island in a river (chiefly British)	from Old English, a diminutive of īeg "island"
palinode	n.	a poem or statement in which the author retracts something said earlier	from Greek palinōidia, from palin "back, again" + ōidē "song"
palmary	adj.	outstanding; deserving the highest praise	from Latin palmarius "deserving the palm (of victory)", from palma "palm"
palter	v.	to act or speak insincerely or deceitfully; to equivocate	origin unknown
pandiculation	n.	the act of stretching and yawning, as on waking	from Latin pandiculari "to stretch oneself"
pandy	v.	to punish (a pupil) by striking the palm of the hand with a cane or strap (chiefly Scottish)	from Latin pande (palmam) "stretch out (your hand)", from pandere "to spread out"
pantisocracy	n.	a utopian scheme of government in which all members of a community rule equally	from Greek pant- "all" + isokratia "equality of power"
paralipsis	n.	drawing attention to something by claiming to pass over it, as in "not to mention his debts"	from Greek paraleipsis "omission", from paraleipein "to leave aside"
paralogism	n.	a piece of faulty reasoning, especially one whose fallacy the reasoner does not notice	via Late Latin from Greek paralogismos, from paralogizesthai "to reason falsely"
paraph	n.	a flourish made after or below a signature	from French paraphe, from Medieval Latin paraphus, an alteration of paragraphus
parapraxis	n.	a slip of the tongue or pen, or a similar small error, thought to reveal a repressed wish	from Greek para "beside, amiss" + praxis "action"
parergon	n.	a subsidiary work or by-work; an ornamental addition to a main work	via Latin from Greek parergon, from para "beside" + ergon "work"
paronomasia	n.	a play on words that exploits words that sound alike; a pun	via Latin from Greek paronomasia, from para "beside" + onomazein "to name"
pasquinade	n.	a satire or lampoon, originally one posted in a public place	from Italian pasquinata, from Pasquino, a statue in Rome on which lampoons were posted
passim	adv.	here and there throughout a book or text (used in references and citations)	from Latin passim "here and there", from passus "scattered"
pavid	adj.	timid or fearful	from Latin pavidus, from pavere "to be afraid"
pavonine	adj.	relating to or resembling a peacock, especially in iridescent coloring	from Latin pavoninus, from pavo "peacock"
pawky	adj.	having a dry, sly sense of humor (chiefly Scottish)	from Scots pawk "trick", of unknown origin
peccavi	n.	an acknowledgment or confession of sin or guilt	from Latin peccavi "I have sinned"
peculate	v.	to embezzle, especially public money	from Latin peculari "to embezzle", from peculium "private property"
peely-wally	adj.	pale, sickly or feeble-looking (Scottish)	origin uncertain
pelf	n.	money or wealth, especially when gained dishonestly (usually contemptuous)	from Anglo-French pelfre "booty", of uncertain origin
pentimento	n.	a trace of an earlier painting showing through a later layer of paint on a canvas	from Italian pentimento "repentance", from pentirsi "to repent"
peradventure	adv.	perhaps; by chance (archaic)	from Old French par aventure "by chance"
perendinate	v.	to put off until the day after tomorrow (archaic)	from Latin perendinare, from perendie "on the day after tomorrow"
periapt	n.	an amulet or charm worn as protection against harm (archaic)	from Greek periapton, from periaptein "to fasten around"
peripeteia	n.	a sudden reversal of fortune or change of circumstances, especially in a tragedy	from Greek peripeteia "sudden change"
perlustrate	v.	to travel through and survey thoroughly (rare)	from Latin perlustrare "to wander all through, survey"
pernoctation	n.	the act of spending the night, especially in watching or prayer (rare)	from Late Latin pernoctatio, from Latin pernoctare "to pass the night", from nox "night"
perorate	v.	to deliver a long, grandiloquent speech; to declaim at length	from Latin perorare "to speak to the end", from per "through" + orare "to speak"
perpend	v.	to reflect on or consider carefully (archaic)	from Latin perpendere "to weigh carefully", from pendere "to weigh"
perseverate	v.	to repeat a word, gesture or thought persistently, especially after its stimulus has ceased	back-formation from perseveration, from Latin perseverare "to persist"
pervicacious	adj.	extremely obstinate or willful	from Latin pervicax "stubborn, persistent"
phatic	adj.	of speech used to establish social contact rather than to convey information, as "nice weather"	from Greek phatos "spoken", via "phatic communion", a term coined by Bronisław Malinowski
philomath	n.	a lover of learning; a scholar	from Greek philomathēs "fond of learning", from philo- "loving" + manthanein "to learn"
philoprogenitive	adj.	producing many offspring; prolific	from Greek philo- "loving" + Latin progenitus "begotten", from progignere "to beget"
philtrum	n.	the vertical groove between the base of the nose and the upper lip	via Latin from Greek philtron "love charm", also the dimple of the upper lip
phrontistery	n.	a place for thinking or study	from Greek phrontistērion, from phrontistēs "thinker", from phrontizein "to think"
picaroon	n.	a rogue or adventurer; especially, a pirate	from Spanish picarón, augmentative of pícaro "rogue"
pickthank	n.	a person who seeks favor by flattery or talebearing (archaic)	from the phrase "pick a thank", to curry favor
pilgarlic	n.	a bald-headed man (archaic, usually humorous)	from pilled "peeled" + garlic
pinchbeck	n.	an alloy of copper and zinc used to imitate gold in cheap jewelry	from Christopher Pinchbeck (died 1732), the English watchmaker who invented it
pinguid	adj.	fat, oily or greasy	from Latin pinguis "fat"
plantigrade	adj.	walking on the whole sole of the foot, as humans and bears do	from New Latin plantigradus, from Latin planta "sole" + -gradus "walking"
pleach	v.	to interlace branches, especially of living trees, to form a hedge or arbor	from Middle English plechen, of French origin
plenilune	n.	a full moon, or the time of a full moon (literary)	from Latin plenilunium, from plenus "full" + luna "moon"
pleonasm	n.	the use of more words than are needed to express a meaning, as in "free gift"	via Late Latin from Greek pleonasmos, from pleonazein "to be superfluous"
pleonexia	n.	excessive greed; an insatiable desire for more than one's share	from Greek pleonexia "greediness", from pleon "more" + echein "to have"
plotz	v.	to collapse or be overwhelmed, as from exhaustion or strong emotion	from Yiddish platsn "to burst"
pococurante	n.	an indifferent or nonchalant person	from Italian poco curante "caring little"
pogonotrophy	n.	the growing or cultivating of a beard	from Greek pōgōn "beard" + trophē "nourishment"
polysyndeton	n.	the repeated use of conjunctions in close succession, as in "here and there and everywhere"	from Greek poly- "many" + syndetos "bound together"
pootle	v.	to move or travel in a leisurely, unhurried way (British informal)	origin uncertain
porphyrogenite	n.	a child born to a reigning sovereign after the parent's accession (originally in Byzantium)	via Medieval Latin from Late Greek porphyrogennētos "born in the purple"
porraceous	adj.	leek-green in color	from Latin porraceus, from porrum "leek"
pot-valiant	adj.	brave only as a result of drinking alcohol	from pot "drinking vessel" + valiant
pother	n.	a noisy commotion; a fuss or state of agitation	origin unknown
pourboire	n.	a tip or gratuity	from French, from pour boire "for drinking"
prink	v.	to spruce oneself up; to dress or groom oneself fussily	origin uncertain
prognathous	adj.	having jaws that project beyond the upper part of the face	from pro- "forward" + Greek gnathos "jaw"
prolegomenon	n.	a critical or learned introduction to a book or subject	from Greek prolegomenon "something said beforehand", from prolegein "to say beforehand"
pronk	v.	to leap repeatedly straight upward on stiff legs, as a springbok does	from Afrikaans pronk "to show off, strut"
propine	v.	to drink to the health of someone; to toast (archaic)	from Latin propinare "to drink to (someone's health)", from Greek propinein
prosopopoeia	n.	a figure of speech in which an absent or imaginary person, or a thing, is represented as speaking	via Latin from Greek prosōpopoiia, from prosōpon "face, person" + poiein "to make"
prothalamion	n.	a song or poem celebrating a forthcoming marriage	coined by Edmund Spenser from Greek pro "before" + thalamos "bridal chamber"
pruinose	adj.	covered with a whitish powdery bloom, as a plum or grape is	from Latin pruinosus "frosty", from pruina "hoarfrost"
psephology	n.	the scientific study of elections and voting patterns	from Greek psēphos "pebble" (used in voting) + -logy
psittacine	adj.	relating to or resembling a parrot	from Latin psittacinus, from psittacus "parrot", from Greek psittakos
pudibund	adj.	prudish; excessively modest	from Latin pudibundus "modest", from pudere "to be ashamed"
pule	v.	to cry querulously or weakly; to whimper	probably imitative
pullulate	v.	to breed, sprout or multiply rapidly; to teem	from Latin pullulare "to sprout", from pullulus "young animal, sprout"
purlieu	n.	the outskirts or surrounding area of a place (usually plural)	from Anglo-French puralee "perambulation", probably influenced by French lieu "place"
quacksalver	n.	a quack; a charlatan who boasts of his cures	from obsolete Dutch quacksalver, from quacken "to quack, prattle" + salf "salve"
querent	n.	a person who consults an astrologer or fortune-teller	from Latin quaerent-, present participle of quaerere "to seek, ask"
querimonious	adj.	given to complaining; querulous	from Latin querimonia "complaint", from queri "to complain"
quiddity	n.	the inherent nature or essence of something; what makes it what it is	from Medieval Latin quidditas, from Latin quid "what"
quidnunc	n.	an inquisitive person who wants to know all the latest news and gossip; a busybody	from Latin quid nunc? "what now?"
quincunx	n.	an arrangement of five objects with four at the corners of a square and one at its center, as on a die	from Latin quincunx "five twelfths", from quinque "five" + uncia "twelfth"
quinquagenarian	n.	a person between 50 and 59 years old	from Latin quinquagenarius "containing fifty"
quodlibet	n.	a philosophical or theological question proposed for formal scholarly debate	from Medieval Latin quodlibet "what you please", from quod "what" + libet "it pleases"
quotha	interj.	indeed! (archaic, used to mock or scorn what someone has just said)	from quoth + a, a reduced form of "he"
rampallion	n.	a scoundrel or ruffian (archaic)	origin uncertain
rantipole	n.	a wild, reckless person	origin uncertain
rasorial	adj.	habitually scratching the ground for food, as chickens do	from Late Latin rasor "scraper", from Latin radere "to scrape"
rathe	adj.	coming, blooming or ripening early in the year (archaic)	from Old English hræth "quick"
ratiocinate	v.	to reason methodically and logically	from Latin ratiocinari "to reckon, reason", from ratio "reckoning"
ratten	v.	to damage or remove a worker's or employer's tools or machinery to force compliance with a trade union	origin uncertain
reave	v.	to plunder or rob, especially by force (archaic)	from Old English rēafian "to plunder"
rebarbative	adj.	unattractive and objectionable; repellent	from French rébarbatif "forbidding", from barbe "beard"
reboant	adj.	loudly resounding or echoing (rare)	from Latin reboant-, present participle of reboare "to resound"
réchauffé	n.	a dish of warmed-over food; hence, a rehash of old ideas or material	from French réchauffé "warmed up again", from réchauffer "to reheat"
reck	v.	to heed or care about something (archaic, usually with a negative)	from Old English reccan "to care"
redintegrate	v.	to restore to a sound or perfect state; to renew	from Latin redintegrare "to make whole again", from integer "whole"
redivivus	adj.	brought back to life; revived (placed after its noun)	from Latin redivivus "renewed", from vivus "living"
refection	n.	refreshment with food or drink; a light meal	from Latin refectio, from reficere "to restore, refresh"
refocillate	v.	to refresh or revive (archaic)	from Late Latin refocillare "to warm into life again"
regolith	n.	the layer of loose rock, dust and soil that covers solid bedrock, as on the moon	from Greek rhēgos "blanket" + lithos "stone"
regrate	v.	to buy up goods and resell them at a profit in the same or a nearby market	from Anglo-French regrater, of uncertain origin
remontant	adj.	(of a plant, especially a rose) blooming more than once in a season	from French remontant "rising again", from remonter "to go up again"
renitent	adj.	resisting pressure or compulsion; recalcitrant	from Latin renitent-, present participle of reniti "to resist"
repine	v.	to feel or express discontent; to fret	from re- + pine "to languish, yearn"
requiescat	n.	a prayer for the repose of the soul of a dead person	from Latin requiescat (in pace) "may he or she rest (in peace)"
reremouse	n.	a bat (archaic)	from Old English hrēremūs, from mūs "mouse" and a first element of uncertain meaning
resile	v.	to draw back from a position, agreement or statement; to recoil	from Latin resilire "to leap back"
resipiscence	n.	recognition of one's own error and a return to a better frame of mind	from Latin resipiscentia, from resipiscere "to recover one's senses"
retiarius	n.	a Roman gladiator armed with a net and a trident	from Latin retiarius, from rete "net"
reticule	n.	a woman's small drawstring handbag, fashionable in the late 18th and 19th centuries	from French réticule, from Latin reticulum "little net"
rhabdomancy	n.	divination using a rod or wand, especially dowsing for water or minerals	from Greek rhabdos "rod" + manteia "divination"
rhadamanthine	adj.	rigorously strict or just, especially as a judge	from Rhadamanthus, in Greek myth a judge of the dead in the underworld
rhopalic	adj.	(of verse) in which each word is one syllable longer than the one before	via Late Latin from Greek rhopalikos "club-like", from rhopalon "club"
riant	adj.	cheerful and smiling; mirthful	from French riant, present participle of rire "to laugh"
ridotto	n.	a public entertainment of music and dancing, often masked, popular in 18th-century England	from Italian ridotto "retreat, resort", from Latin reductus "withdrawn"
rimose	adj.	full of cracks or crevices, as some tree bark is	from Latin rimosus, from rima "crack"
roborant	n.	a strengthening medicine; a tonic	from Latin roborare "to strengthen", from robur "oak, strength"
rodomontade	n.	boastful or inflated talk or behavior	from French, from Italian Rodomonte, a boastful king in Boiardo's and Ariosto's epics
roorback	n.	a false and damaging story circulated for political advantage	from Roorback, the fictitious author cited in an 1844 hoax aimed at James K. Polk
rootle	v.	to dig or rummage about, as a pig does with its snout (chiefly British)	from root "to dig with the snout" + -le
rubescent	adj.	reddening; blushing	from Latin rubescere "to grow red", from ruber "red"
rubiginous	adj.	rust-colored; reddish-brown	from Latin rubiginosus "rusty", from rubigo "rust"
rubricate	v.	to add or mark in red lettering, as headings in a manuscript	from Late Latin rubricare "to color red", from Latin rubrica "red ocher"
ruddock	n.	the European robin (archaic or dialectal)	from Old English rudduc, akin to rudu "redness"
ruderal	adj.	(of a plant) growing on waste ground or among rubbish	from New Latin ruderalis, from Latin rudus "rubble"
rudesby	n.	an insolent, unmannerly person (archaic)	from rude, with a jocular ending of uncertain origin
rugose	adj.	wrinkled or ridged, as a leaf or shell	from Latin rugosus, from ruga "wrinkle"
rumbustious	adj.	boisterous and unruly; exuberant (chiefly British)	probably an alteration of robustious "boisterous"
runnel	n.	a small stream or brook; a rivulet	from Old English rynel, related to run
rupestrian	adj.	painted or inscribed on rock, as prehistoric cave art is	from New Latin rupestris "found on rocks", from Latin rupes "rock"
rusticate	v.	to go to live in the country; to retire to rural life	from Latin rusticari "to live in the country", from rus "country"
ruth	n.	pity or compassion for another (archaic)	from Middle English ruthe, from ruen "to rue"
rutilant	adj.	glowing or glittering with a reddish or golden light	from Latin rutilant-, present participle of rutilare "to glow red"
cabochon	n.	a gem cut in a smooth convex shape and polished but not faceted	from Middle French, from caboche "head"
cachalot	n.	the sperm whale	from French, from Portuguese cachalote, of uncertain origin
cachinnate	v.	to laugh loudly or immoderately	from Latin cachinnare "to laugh aloud", probably imitative
cacodemon	n.	an evil spirit; a demon	from Greek kakodaimōn, from kakos "bad" + daimōn "spirit"
cacoethes	n.	an irresistible urge or mania, especially to do something unwise	from Greek kakoēthēs "of bad character, malignant", from kakos "bad" + ēthos "character"
cacography	n.	bad handwriting; also, incorrect spelling	from Greek kakos "bad" + -graphy "writing"
caducous	adj.	falling off early, as the sepals of some flowers; also, perishable (botany)	from Latin caducus "falling", from cadere "to fall"
caitiff	n.	a base, despicable or cowardly person	from Old French caitif "captive, wretched", from Latin captivus "captive"
calaboose	n.	a jail (dated, informal)	from Louisiana French calabouse, from Spanish calabozo "dungeon"
calefactory	n.	a heated sitting room in a monastery	from Medieval Latin calefactorium, from Latin calefacere "to make warm"
calenture	n.	a delirious tropical fever once said to make sailors see the sea as green fields and leap in	from Spanish calentura "fever", from calentar "to heat"
caliginous	adj.	dim, misty or dark; gloomy and obscure	from Latin caliginosus, from caligo "mist, darkness"
callipygian	adj.	having shapely buttocks	from Greek kallipygos, from kallos "beauty" + pygē "buttocks"
callithump	n.	a noisy, boisterous parade or band	back-formation from callithumpian, of uncertain origin
calque	n.	a loan translation: an expression formed by translating a foreign one part by part	from French calque "copy", from calquer "to trace"
camarilla	n.	a small group of secret advisers to a ruler or leader; a clique	from Spanish camarilla, diminutive of cámara "chamber"
camelopard	n.	a giraffe (archaic)	via Latin from Greek kamēlopardalis, from kamēlos "camel" + pardalis "leopard"
campanology	n.	the art or study of bell ringing	from Late Latin campana "bell" + -logy
campestral	adj.	of or relating to fields or open country	from Latin campestris, from campus "field"
canaille	n.	the common people regarded as a mob; the rabble	from French, from Italian canaglia "pack of dogs", from cane "dog"
cancrizans	adj.	(music, of a canon) in which the imitating voice repeats the melody backward	from Medieval Latin cancrizare "to move backward like a crab", from Latin cancer "crab"
canescent	adj.	grayish-white or hoary, especially from a covering of fine hairs	from Latin canescent-, present participle of canescere "to grow gray", from canus "white"
canorous	adj.	melodious; richly musical in sound	from Latin canorus, from canere "to sing"
cantillate	v.	to chant or intone, especially to recite scripture to traditional melodic phrases	from Late Latin cantillare "to sing low, hum", from Latin cantare "to sing"
cantrip	n.	a witch's spell or charm; also, a mischievous trick (Scottish)	origin uncertain; a Scots word
caparison	n.	an ornamental covering spread over a horse's saddle and harness	from Middle French caparasson, from Old Spanish caparazón, of uncertain origin
caracole	n.	a half turn to the right or left made by a horse and rider	from French, from Spanish caracol "snail, spiral"
carcanet	n.	an ornamental necklace or collar, usually set with jewels	from Middle French carcan "iron collar" + diminutive -et
cark	v.	to worry or be anxious; to fret (archaic)	from Anglo-French carker "to load, burden"
cartomancy	n.	fortune-telling using playing cards	from French cartomancie, from carte "card" + -mancie "divination"
caseous	adj.	of, relating to or resembling cheese	from Latin caseus "cheese"
castrametation	n.	the art or act of laying out a military camp	from French castramétation, from Latin castra "camp" + metari "to measure off"
catachresis	n.	the use of the wrong word for the context, as by confusion with a similar word	via Latin from Greek katachrēsis "misuse", from katachrēsthai "to misuse"
catadromous	adj.	(of fish such as eels) living in fresh water and going to the sea to spawn	from Greek kata "down" + dromos "a running"
catamount	n.	a wild cat, especially the cougar or the lynx	short for catamountain, from "cat of the mountain"
catchpenny	adj.	cheap and showy; made to sell quickly rather than to be of real value	from catch + penny
catchpole	n.	a sheriff's officer, especially one who arrested debtors (historical)	from Old English cæcepol, from Anglo-French, literally "chase-fowl"
caudle	n.	a warm drink of wine or ale mixed with gruel or eggs, sugar and spices, once given to invalids	from Old North French caudel, from Latin calidus "warm"
causerie	n.	an informal talk or chat; also, a short conversational essay	from French, from causer "to chat"
cento	n.	a literary work pieced together from passages by other authors	from Latin cento "patchwork garment"
cerebrate	v.	to use the mind; to think (often humorous)	back-formation from cerebration, from Latin cerebrum "brain"
cerement	n.	a burial shroud, originally of waxed cloth; usually used in the plural	from cere "to wrap in waxed cloth", from Latin cera "wax"
chaffer	v.	to haggle or bargain over terms or a price	from Middle English chaffare "trade, bargaining"
chalybeate	adj.	(of mineral water or a spring) containing or tasting of iron salts	from New Latin chalybeatus, from Latin chalybs "steel", from Greek
chamade	n.	a drum or trumpet signal inviting the enemy to a parley (historical)	from French, from Portuguese chamada "call", from chamar "to call"
champaign	n.	level, open country; a plain (literary)	from Anglo-French champaigne, from Late Latin campania "level country"
chapfallen	adj.	dejected or dispirited; crestfallen	from chap "jaw" + fallen: with the lower jaw hanging down
charabanc	n.	an early motor coach or open bus, used for outings (British, dated)	from French char à bancs "carriage with benches"
charivari	n.	a noisy mock serenade with pots and pans, traditionally for newlyweds	from French, of uncertain origin
chartaceous	adj.	resembling paper; papery in texture	from Late Latin chartaceus, from Latin charta "paper"
chatoyant	adj.	having a changeable, undulating luster, like a cat's eye in the dark	from French, present participle of chatoyer "to shine like a cat's eyes", from chat "cat"
chawbacon	n.	a country bumpkin; a yokel (archaic)	from chaw "to chew" + bacon
cheechako	n.	(in Alaska and the Yukon) a newcomer; a tenderfoot	from Chinook Jargon chee "new" + chako "to come"
chiliad	n.	a group of one thousand; also, a period of a thousand years	via Latin from Greek chilias, from chilioi "thousand"
chirurgeon	n.	a surgeon (archaic)	via Old French and Latin from Greek cheirourgos, from cheir "hand" + ergon "work"
chouse	v.	to cheat, swindle or trick (archaic)	origin uncertain
chrematistic	adj.	relating to or engaged in the pursuit of money and wealth	from Greek chrēmatistikos, from chrēmatizein "to make money", from chrēma "thing, money"
chrestomathy	n.	a collection of selected literary passages, especially one used in learning a language	from Greek chrēstomatheia, from chrēstos "useful" + mathein "to learn"
chronogram	n.	an inscription in which certain letters, read as Roman numerals, add up to a date	from Greek chronos "time" + -gram "something written"
chryselephantine	adj.	made of or overlaid with gold and ivory, like some ancient Greek statues	from Greek chryselephantinos, from chrysos "gold" + elephas "ivory"
chunter	v.	to mutter or grumble at length, often under one's breath (chiefly British)	probably imitative; originally Midlands and northern English dialect
cicatrize	v.	to heal by forming a scar	from French cicatriser, from Latin cicatrix "scar"
cicisbeo	n.	in 18th-century Italy, the recognized escort and gallant of a married woman	from Italian, of uncertain origin
cilice	n.	a hair shirt worn as a penance	from Latin cilicium, a cloth of goat's hair, from Cilicia, a region of Asia Minor
cinereous	adj.	ash-gray; resembling or consisting of ashes	from Latin cinereus, from cinis, ciner- "ashes"
circumbendibus	n.	a roundabout way or process; a circumlocution	a jocular 17th-century coinage: circum- "around" + bend + the Latin ending -ibus
circumforaneous	adj.	wandering from market to market or house to house; vagrant (archaic)	from Latin circumforaneus "around the forum, itinerant", from forum "marketplace"
circumfuse	v.	to pour or spread a fluid around something; to surround as if with a liquid	from Latin circumfusus, past participle of circumfundere "to pour around"
circumnutate	v.	to move in an irregular circle or spiral while growing, as the tip of a plant stem does	from Latin circum "around" + nutare "to nod"
circumvallate	v.	to surround a place with a rampart or trench	from Latin circumvallare, from circum "around" + vallum "rampart"
clamant	adj.	loud and insistent; clamorous; also, urgently demanding attention	from Latin clamant-, present participle of clamare "to cry out"
clapperclaw	v.	to claw or scratch with the nails; also, to scold or revile (chiefly British dialect)	origin uncertain; perhaps from clapper + claw
clepsydra	n.	an ancient clock that measured time by the flow of water	via Latin from Greek klepsydra, from kleptein "to steal" + hydōr "water"
clerihew	n.	a humorous four-line verse about a person, whose name usually makes up the first line	named after Edmund Clerihew Bentley, its inventor
clerisy	n.	learned or literary people as a class; the intelligentsia	from German Klerisei "clergy"; introduced into English by Coleridge
clou	n.	the chief attraction or central point of interest	from French clou "nail"
clowder	n.	a group of cats	origin uncertain; perhaps a variant of dialect clodder "clotted mass"
cockalorum	n.	a boastful, self-important little man	perhaps from cock "rooster" + mock-Latin -orum, or from obsolete Flemish kockeloeren "to crow"
coetaneous	adj.	of the same age or period; contemporary	from Late Latin coaetaneus, from co- "together" + aetas "age"
coign	n.	a projecting corner of a building; figuratively, an advantageous position for observing	a variant of quoin "external corner of a wall"
collimate	v.	to make rays of light or particles parallel; to align an optical instrument	from Latin collimare, a misreading of collineare "to aim in a straight line"
collogue	v.	to plot or intrigue together; to confer in private	origin uncertain
colporteur	n.	a peddler of books, especially one distributing religious tracts	from French colporteur, from colporter "to peddle"
colubrine	adj.	relating to or resembling a snake	from Latin colubrinus, from coluber "snake"
columbarium	n.	a structure with niches for urns holding the ashes of the dead	from Latin columbarium "dovecote", from columba "dove"
comfit	n.	a sweet made of a nut, seed or piece of fruit coated in sugar	from Old French confit, from Latin confectum "something prepared"
commination	n.	a threat of divine punishment or vengeance; a denunciation	from Latin comminatio, from comminari "to threaten"
comminute	v.	to reduce to minute particles; to pulverize	from Latin comminuere "to break into pieces", from minuere "to lessen"
commove	v.	to stir up violently; to agitate or excite	from Latin commovere "to move violently", from movere "to move"
concinnity	n.	elegance of style arising from the harmonious arrangement of parts	from Latin concinnitas, from concinnus "well arranged, elegant"
condign	adj.	(of punishment) well deserved; fitting and appropriate	from Latin condignus, from com- (intensive) + dignus "worthy"
condottiere	n.	a leader of a band of mercenary soldiers in Renaissance Italy	from Italian, from condotta "contract (for hire)", from condurre "to lead, hire"
conglobate	v.	to gather or form into a ball or round compact mass	from Latin conglobare "to gather into a ball", from globus "ball"
consentaneous	adj.	agreeing or accordant; also, done by the consent of all	from Latin consentaneus, from consentire "to agree"
consuetude	n.	established custom or usage, especially one having the force of law	from Latin consuetudo "custom", from consuescere "to accustom"
conventicle	n.	a secret or unlawful religious meeting, especially of dissenters	from Latin conventiculum, diminutive of conventus "assembly"
coquet	v.	to flirt; to trifle with someone's affections or with an idea	from French coqueter, from coquet, diminutive of coq "rooster"
cordwainer	n.	a shoemaker, originally one who worked in cordovan leather (archaic)	from Anglo-French cordewaner, from cordewan "cordovan leather", from Córdoba, Spain
coriaceous	adj.	resembling leather; tough and leathery in texture	from Late Latin coriaceus, from Latin corium "leather"
coronach	n.	a funeral dirge or lament (Scottish and Irish)	from Scottish Gaelic corranach and Irish coránach
corposant	n.	a ball of St. Elmo's fire seen on a ship's mast or rigging during a storm	from Portuguese corpo santo "holy body"
corrade	v.	to wear away rock by the scraping of debris carried by a river, wind or ice	from Latin corradere "to scrape together", from radere "to scrape"
corrigendum	n.	an error to be corrected, especially one listed with its correction in a book	from Latin, "that which is to be corrected", from corrigere "to correct"
corvée	n.	unpaid labor owed by a vassal to a feudal lord, or exacted by a state	from French, from Medieval Latin corrogata, from Latin corrogare "to requisition"
corvine	adj.	of or resembling a crow or raven	from Latin corvinus, from corvus "raven"
corybantic	adj.	wild, frenzied and unrestrained, like a riotous dance	from Corybant, a frenzied priest of the goddess Cybele, via Latin from Greek Korybas
coryphaeus	n.	the leader of the chorus in ancient Greek drama; hence, the leader of any group or school	via Latin from Greek koryphaios "leader", from koryphē "head, top"
coryza	n.	inflammation of the mucous membrane of the nose; a head cold	via Late Latin from Greek koryza "nasal mucus"
cothurnus	n.	the thick-soled boot worn by actors in ancient tragedy; hence, a lofty tragic style	via Latin from Greek kothornos
couchant	adj.	lying down with the head raised (heraldry)	from French, present participle of coucher "to lie down"
couvade	n.	a custom in which a father imitates labor and childbirth while his child is being born	from French, from couver "to brood, hatch"
crackjaw	adj.	hard to pronounce	from crack + jaw
crambo	n.	a word game in which players find rhymes for a word or line given by another	probably from Latin crambe repetita "cabbage served again", i.e. a stale repetition
crannog	n.	an ancient Irish or Scottish dwelling built on an artificial island in a lake	from Irish crannóg, from crann "tree"
crapulent	adj.	sick or unwell from excessive eating or drinking	from Late Latin crapulentus, from crapula "drunkenness", from Greek kraipalē "hangover"
craquelure	n.	a network of fine cracks in the paint or varnish of an old painting	from French, from craqueler "to crackle"
crassitude	n.	gross stupidity or coarseness	from Latin crassitudo "thickness", from crassus "thick"
crenellate	v.	to furnish a wall or tower with battlements	from French créneler, from Old French crenel "embrasure, notch"
crepitate	v.	to make a crackling or rattling sound	from Latin crepitare "to crackle", frequentative of crepare "to creak, rattle"
cresset	n.	an iron basket or cup of burning oil, pitch or coal, mounted as a torch or beacon	from Anglo-French craisset, from craisse "grease"
cromlech	n.	a prehistoric tomb of upright stones capped by a flat stone; a dolmen	from Welsh, from crwm "bent, arched" + llech "flat stone"
cruciverbalist	n.	a person skilled at solving or compiling crossword puzzles	a modern coinage from Latin crux, cruc- "cross" + verbum "word"
crwth	n.	an ancient Celtic stringed instrument played with a bow, long used in Wales	from Welsh
cryptomnesia	n.	the unconscious recall of something once learned, mistaken for an original idea	from Greek kryptos "hidden" + -mnesia "memory" (as in amnesia)
cursorial	adj.	adapted for running, as the legs of an ostrich	from Latin cursor "runner", from currere "to run"
curtilage	n.	the enclosed land immediately surrounding a house (law)	from Anglo-French curtillage, from curtil "court, yard"
cuspidor	n.	a spittoon	from Portuguese cuspidor "spitter", from cuspir "to spit"
cwm	n.	a steep-sided hollow at the head of a mountain valley; a cirque	from Welsh cwm "valley"
sabretache	n.	a flat leather satchel hung from a cavalry officer's sword belt	from French, from German Säbeltasche, from Säbel "saber" + Tasche "pocket"
sabulous	adj.	sandy or gritty	from Latin sabulosus, from sabulum "sand"
sagittate	adj.	shaped like an arrowhead, as some leaves are	from Latin sagitta "arrow"
sain	v.	to make the sign of the cross over someone, to bless or protect them (archaic)	from Old English segnian, from Latin signare "to mark, sign"
salmagundi	n.	a dish of chopped meat, anchovies, eggs and vegetables, served as a salad	from French salmigondis, of uncertain origin
salmanazar	n.	a wine bottle holding about 9 liters, twelve times the standard size	named after Shalmaneser, an Assyrian king in the Bible
saltimbanco	n.	a mountebank or quack; a charlatan who sells remedies from a platform (archaic)	from Italian saltimbanco, from saltare in banco "to leap onto a bench"
saltire	n.	a heraldic cross shaped like an X, as on the flag of Scotland	from Old French sautoir, ultimately from Latin saltare "to jump"
sanbenito	n.	a garment worn by penitents or the condemned under the Spanish Inquisition	from Spanish sambenito, from San Benito "Saint Benedict"
sanguinolent	adj.	tinged or mixed with blood	from Latin sanguinolentus, from sanguis "blood"
saponaceous	adj.	soapy; of or like soap	from Latin sapo "soap"
scandent	adj.	climbing, as a vine does	from Latin scandere "to climb"
scapulimancy	n.	divination by reading the cracks in a heated animal shoulder blade	from scapula "shoulder blade" + -mancy "divination"
scaramouch	n.	a boastful but cowardly buffoon; a rascal	from Italian Scaramuccia, a boastful coward of the commedia dell'arte
scholiast	n.	an ancient or medieval commentator who wrote explanatory notes on classical texts	from Greek scholion "note, comment"
sciamachy	n.	fighting with shadows or imaginary enemies; a sham fight	from Greek skiamachia, from skia "shadow" + machē "battle"
sciolist	n.	a person who pretends to be knowledgeable; a superficial pretender to learning	from Late Latin sciolus "smatterer", diminutive of Latin scius "knowing"
scop	n.	an Old English poet or minstrel	from Old English scop "poet"
scrannel	adj.	thin and harsh in sound; squeaky and unmelodious	origin uncertain; famously used by Milton in Lycidas
scrimshank	v.	to shirk duty or work (British military slang)	origin unknown
scripturient	adj.	possessed by a strong urge to write (archaic)	from Late Latin scripturire "to long to write", from scribere "to write"
scrobiculate	adj.	marked with many small pits or grooves; furrowed	from Latin scrobiculus "small trench", from scrobis "ditch"
scroop	v.	to make a harsh, grating or creaking sound	of imitative origin
scrouge	v.	to crowd, squeeze or press (dialectal)	origin uncertain
scumble	v.	to soften a painting's colors or outlines by overlaying a thin coat of opaque paint	probably a frequentative of scum
scunner	n.	a strong dislike or feeling of loathing (Scottish)	origin uncertain
sederunt	n.	a prolonged sitting for talk or discussion	from Latin sederunt "they sat", used in Scottish records to introduce those present
seel	v.	to sew shut the eyelids of a young hawk during training (archaic)	from Old French ciller, from cil "eyelash"
seely	adj.	blessed, happy or innocent (archaic)	from Old English sǣlig "happy, blessed", the ancestor of silly
selcouth	adj.	unfamiliar, strange or marvelous (archaic)	from Old English seldcūth, from seld "seldom" + cūth "known"
sempervirent	adj.	evergreen	from Latin semper "always" + virens "being green, flourishing"
sempiternal	adj.	eternal and unchanging; everlasting	from Latin sempiternus "everlasting", from semper "always"
sennight	n.	a period of seven days and nights; a week (archaic)	from Old English seofon nihta "seven nights"
septentrional	adj.	northern	from Latin septentrionalis, from septentriones "the seven plow oxen", the stars of the Big Dipper
sequacious	adj.	slavishly following others; lacking independent thought	from Latin sequax "following", from sequi "to follow"
seriatim	adv.	one after another in a series; point by point	from Medieval Latin seriatim, from Latin series "row, series"
serotinal	adj.	of or occurring in late summer	from Latin serotinus "late"
shanachie	n.	a traditional Irish storyteller or keeper of lore	from Irish seanchaí "storyteller"
shandrydan	n.	a hooded chaise; later, jocularly, any rickety old-fashioned carriage	origin unknown
shebeen	n.	an unlicensed drinking house, especially in Ireland or South Africa	from Irish síbín
shend	v.	to disgrace or put to shame (archaic)	from Old English scendan "to disgrace"
shotten	adj.	of a fish, especially a herring: having spawned, and so spent and thin	an old past participle of shoot
shrive	v.	to hear someone's confession and grant absolution (archaic)	from Old English scrīfan "to prescribe penance", ultimately from Latin scribere "to write"
singultus	n.	a hiccup	from Latin singultus "a sob, hiccup"
sinopia	n.	a reddish-brown underdrawing for a fresco, made with a red earth pigment	from Italian, from Latin sinopis "red ocher", named after Sinope, a Black Sea port
sipid	adj.	having a pleasing, distinct taste or flavor; savory	a back-formation from insipid
skelp	v.	to strike with the open hand; to slap or smack (Scottish)	probably imitative
skimble-skamble	adj.	rambling, confused and nonsensical	a reduplication of scamble "to scramble"; used by Shakespeare in Henry IV, Part 1
skimmington	n.	a noisy mocking procession through a village to shame an unfaithful or henpecked spouse	origin uncertain
skirl	v.	to make the shrill, wailing sound of bagpipes	probably of Scandinavian origin
slangwhanger	n.	a noisy, abusive talker or writer	from slang + whang "to beat, strike"; American, 19th century
slubberdegullion	n.	a slovenly, dirty or worthless fellow; a wretch	from slubber "to do carelessly" + a fanciful ending
slugabed	n.	a lazy person who stays in bed late	from slug "to be lazy" + abed "in bed"
slumgullion	n.	a thin, cheap meat stew	origin unknown; American, 19th century
smaragdine	adj.	of an emerald-green color; relating to emeralds	via Latin from Greek smaragdos "emerald"
smeddum	n.	spirit, mettle or vigor (Scottish)	from Old English smedma "fine flour"
smellfungus	n.	a habitual faultfinder; a grumbler who sees only what is wrong	from Smelfungus, Laurence Sterne's name for the travel writer Tobias Smollett (1768)
snell	adj.	keen, biting or severe, as a cold wind (Scottish)	from Old English snell "quick, active"
snickersnee	n.	a large knife, especially one wielded as a weapon	from earlier stick or snee, cut-and-thrust knife fighting, from Dutch
sniggle	v.	to fish for eels by poking a baited hook into their hiding places	from snig "a small eel"
snirtle	v.	to snicker; to laugh in a suppressed way (Scottish)	perhaps imitative
snuggery	n.	a snug, cozy room or place, such as a small private den	from snug + -ery
sockdolager	n.	a decisive blow or remark that settles a matter	19th-century American slang, of uncertain origin
sodality	n.	a fellowship or society, especially a Catholic lay devotional association	from Latin sodalitas "fellowship", from sodalis "companion"
solatium	n.	compensation for injured feelings, as distinct from financial loss	from Latin solatium "comfort, consolation"
solifidian	n.	one who holds that faith alone, without good works, brings salvation	from Latin solus "only" + fides "faith"
somniloquy	n.	the act or habit of talking in one's sleep	from Latin somnus "sleep" + loqui "to speak"
sophrosyne	n.	moderation, self-control and soundness of mind, prized as a virtue by the ancient Greeks	from Greek sōphrosynē, from sōphrōn "of sound mind"
soricine	adj.	of or resembling a shrew	from Latin soricinus, from sorex "shrew"
sorites	n.	a chain of syllogisms in which the intermediate conclusions are left unstated	via Latin from Greek sōreitēs, from sōros "heap"
sortilege	n.	divination by drawing lots	from Medieval Latin sortilegium, from Latin sors "lot" + legere "to choose"
sough	v.	to make a moaning, whistling or rushing sound, as the wind does in trees	from Old English swōgan "to make a sound"
spadassin	n.	a swordsman or duelist; a hired bravo	from French, from Italian spadaccino, from spada "sword"
spalpeen	n.	a rascal or good-for-nothing (Irish)	from Irish spailpín "migrant farm laborer"
spavined	adj.	of a horse: lame with spavin; hence broken-down and decrepit	from spavin, a disease of the hock, from Middle French espavain
speer	v.	to ask or inquire (Scottish)	from Old English spyrian "to track, inquire"
spelaean	adj.	of, relating to or living in caves	from Latin spelaeum "cave", from Greek spēlaion
sphragistics	n.	the study of engraved seals and signets	from Greek sphragis "seal"
spifflicate	v.	to destroy, crush or beat thoroughly (humorous)	origin unknown
spillikin	n.	a jackstraw: one of a heap of thin sticks to be picked off one at a time without moving the rest	perhaps from obsolete Dutch spelleken "small peg", or from spill "splinter" + -kin
spissitude	n.	thickness or density, as of a liquid (archaic)	from Latin spissitudo, from spissus "thick"
splore	n.	a frolic, spree or merry gathering (Scottish)	origin uncertain
spondulicks	n.	money; cash (slang)	origin unknown; American, 19th century
sprachgefühl	n.	an intuitive feel for the idiom and usage of a language	from German Sprachgefühl, from Sprache "language" + Gefühl "feeling"
sprezzatura	n.	studied carelessness; effortless grace that conceals the effort or art behind it	from Italian "nonchalance"; made famous by Castiglione's Book of the Courtier (1528)
spurtle	n.	a wooden stick for stirring porridge (Scottish)	origin unknown
squabash	v.	to crush or squash, especially by severe criticism	probably a blend of squash and bash
staffage	n.	small human or animal figures added to enliven a landscape painting	from German Staffage, from staffieren "to fit out, decorate"
stellify	v.	to turn into a star or place among the stars	from Medieval Latin stellificare, from Latin stella "star"
sternutation	n.	the act of sneezing; a sneeze	from Latin sternutatio, from sternutare "to sneeze"
stertorous	adj.	of breathing: noisy and labored, like snoring	from Latin stertere "to snore"
stichomythia	n.	dialogue in alternating single lines, as in classical Greek drama	from Greek stichomythia, from stichos "line" + mythos "speech"
stillicide	n.	a continual falling of water drop by drop, as from the eaves of a roof	from Latin stillicidium, from stilla "drop" + cadere "to fall"
stramash	n.	an uproar, commotion or brawl (Scottish)	origin uncertain
stramineous	adj.	of or like straw; straw-colored	from Latin stramineus, from stramen "straw"
stravaig	v.	to wander about aimlessly; to roam (Scottish)	probably from obsolete extravage "to wander", from Medieval Latin extravagari
stridulate	v.	to make a shrill chirping sound by rubbing body parts together, as crickets do	from Latin stridulus "creaking", from stridere "to creak"
strigil	n.	a curved blade used in ancient Greece and Rome to scrape sweat and oil from the skin	from Latin strigilis
struthious	adj.	relating to or resembling an ostrich	from Latin struthio "ostrich"
stultiloquence	n.	foolish or senseless talk; babble	from Latin stultiloquentia, from stultus "foolish" + loqui "to speak"
subdolous	adj.	crafty, sly or cunning	from Latin subdolus, from sub "under" + dolus "trick"
subfusc	adj.	dull, dusky or gloomy in color; drab	from Latin subfuscus "dusky, brownish", from fuscus "dark brown"
subitize	v.	to perceive the number of a small group of items at a glance, without counting	from Latin subitus "sudden"
subreption	n.	the concealing or misrepresenting of facts to obtain something, such as a favor or dispensation	from Latin subreptio "theft", from subripere "to take secretly"
subtilize	v.	to make subtle or refined, especially to excess	from Medieval Latin subtilizare, from Latin subtilis "fine, subtle"
succedaneum	n.	a substitute; something that takes the place of another	from Latin succedaneus "substituted", from succedere "to come after"
sudd	n.	a floating mass of vegetation that chokes the White Nile and blocks navigation	from Arabic sudd "obstruction, barrier"
sudorific	adj.	causing or promoting sweating	from Latin sudor "sweat" + -fic "making"
suilline	adj.	of or relating to pigs; swinish	from Latin suillus "of swine", from sus "pig"
sumpsimus	n.	a correct expression that replaces a popular but mistaken one; the opposite of a mumpsimus	from Latin sumpsimus "we have taken", the word in the Mass misread as mumpsimus
sumpter	n.	a pack animal such as a horse or mule (archaic)	from Middle French sommetier "packhorse driver", ultimately from Greek sagma "packsaddle"
supererogatory	adj.	performed beyond the call of duty or obligation	from Late Latin supererogare "to pay out beyond what is owed"
supernaculum	adv.	to the last drop, as when draining a cup	mock Latin, rendering German auf den Nagel (trinken) "(to drink) on the nail"
supernal	adj.	heavenly or celestial; of the realm above	from Latin supernus "upper, on high"
supervacaneous	adj.	superfluous; needless (archaic)	from Latin supervacaneus "superfluous"
supposititious	adj.	fraudulently substituted, especially of a child passed off as a rightful heir	from Latin supposititius "substituted", from supponere "to substitute"
surquedry	n.	arrogance, overweening pride or presumption (archaic)	from Old French surcuiderie, from surcuidier "to be presumptuous"
suspiration	n.	a long, deep sigh	from Latin suspiratio, from suspirare "to sigh"
sutler	n.	a civilian who followed an army to sell provisions to the soldiers	from obsolete Dutch soeteler
swarf	n.	fine metal filings or shavings produced by cutting or grinding	of Scandinavian origin
sweven	n.	a dream or vision (archaic)	from Old English swefn "sleep, dream"
swink	v.	to toil or labor hard (archaic)	from Old English swincan "to labor"
swither	v.	to hesitate or be undecided between two courses (Scottish)	origin uncertain
syllabub	n.	a dessert of cream or milk whipped with wine or sherry and sugar	origin unknown
syllepsis	n.	use of one word with two others in different senses, as in "she lost her hat and her temper"	from Greek syllēpsis "a taking together"
syne	adv.	since; ago (Scottish)	a Scots contraction of Middle English sithen "since"
syzygy	n.	the alignment of three celestial bodies, such as the sun, moon and earth	via Late Latin from Greek syzygia "a yoking together", from syzygos "yoked"
abaft	prep.	toward the stern from; behind, on board a ship	from Middle English on baft, from Old English beæftan "behind"
abear	v.	to endure or put up with, usually in the negative (dialect)	from Old English āberan "to bear, carry"
ablactate	v.	to wean a baby or young animal from its mother's milk	from Latin ablactare, from ab- "from" + lac "milk"
abulia	n.	abnormal lack of willpower or of the ability to make decisions	from Greek aboulia "indecision", from a- "without" + boulē "will"
acatalepsy	n.	the ancient skeptics' doctrine that nothing can be known with certainty	from Greek akatalēpsia "incomprehensibility", from a- "not" + katalambanein "to grasp"
acescent	adj.	turning sour, or slightly sour	from Latin acescere "to turn sour"
adscititious	adj.	added from outside; not inherent or essential	from Latin adscitus, past participle of adsciscere "to adopt, admit"
adytum	n.	the innermost and most sacred chamber of an ancient temple	from Latin, from Greek aduton "not to be entered"
aeolipile	n.	a hollow sphere spun by jets of steam, a device described by Hero of Alexandria	from Latin aeolipila, from Aeolus, god of the winds, + pila "ball"
agnize	v.	to acknowledge or recognize (archaic)	from Latin agnoscere "to recognize" + -ize
agnomen	n.	an extra name given to an ancient Roman, often for a victory, as Africanus was to Scipio	from Latin, from ad- "to" + nōmen "name"
agrestic	adj.	rural or rustic; hence, unpolished or uncouth	from Latin agrestis "of the fields", from ager "field"
albescent	adj.	becoming white, or somewhat white; whitish	from Latin albescere "to become white", from albus "white"
alexithymia	n.	difficulty in recognizing and describing one's own emotions	coined by psychiatrists from Greek a- "not" + lexis "speech" + thymos "heart, spirit"
algid	adj.	cold or chilly; marked by a sensation of coldness	from Latin algidus, from algere "to be cold"
alkahest	n.	the universal solvent that alchemists hoped would dissolve any substance	a pseudo-Arabic word said to have been coined by Paracelsus
allision	n.	the striking of a fixed object, such as a pier or moored ship, by a moving vessel	from Latin allisio, from allidere "to dash against"
ambagious	adj.	roundabout and indirect; circuitous (archaic)	from Latin ambages "roundabout ways"
ambsace	n.	the lowest possible throw at dice, a pair of ones (snake eyes)	from Old French ambes as, from Latin ambo "both" + as "unit"
amerce	v.	to punish by imposing a fine or other discretionary penalty	from Anglo-French amercier, from à merci "at the mercy (of)"
amphisbaena	n.	a mythical serpent with a head at each end of its body	from Latin, from Greek amphisbaina, from amphis "both ways" + bainein "to go"
anacoluthon	n.	a sentence that switches abruptly from one grammatical construction to another	from Greek anakolouthon "inconsistency", from anakolouthos "not following"
anadem	n.	a garland or wreath worn on the head (archaic)	from Latin, from Greek anadēma, from anadein "to bind up"
anamorphosis	n.	a distorted image that looks normal only from a certain angle or in a curved mirror	from Late Greek anamorphoun "to transform", from morphē "shape"
anguilliform	adj.	shaped like an eel; long, slender and snakelike	from Latin anguilla "eel" + -form
anserine	adj.	of, relating to or resembling a goose; gooselike	from Latin anserinus, from anser "goose"
antelucan	adj.	occurring in the hours just before dawn	from Latin antelucanus, from ante "before" + lux "light"
anthelion	n.	a faint white spot occasionally seen in the sky directly opposite the sun	from Greek anthēlios "opposite the sun", from anti "against" + hēlios "sun"
antiphrasis	n.	the ironic use of a word to mean its opposite, as when calling a giant "Tiny"	from Greek antiphrasis, from anti- "opposite" + phrazein "to speak"
antonomasia	n.	the use of an epithet or title in place of a proper name, as "the Bard" for Shakespeare	from Greek antonomazein "to name instead", from anti- + onoma "name"
apodictic	adj.	clearly demonstrable or necessarily true; beyond dispute	from Greek apodeiktikos, from apodeiknynai "to demonstrate"
apodyterium	n.	the undressing room at the entrance of an ancient Greek or Roman bath	from Latin, from Greek apodytērion, from apodyein "to undress"
apolaustic	adj.	devoted to the pursuit of enjoyment; self-indulgent	from Greek apolaustikos, from apolauein "to enjoy"
apologue	n.	a moral fable, especially one in which animals or objects speak	from Greek apologos "story, fable"
aposiopesis	n.	breaking off suddenly in mid-sentence, as if unable or unwilling to go on	from Greek aposiōpēsis, from aposiōpan "to fall silent"
appanage	n.	land or revenue granted by a sovereign to support a younger child of the royal family	from French, from Old French apaner "to provide for", perhaps from Latin panis "bread"
arbalest	n.	a medieval crossbow, especially a heavy one with a steel bow drawn by a winch	from Old French arbaleste, from Late Latin arcuballista, from arcus "bow" + ballista
arenaceous	adj.	sandy in texture, or growing or living in sand	from Latin arenaceus, from arena "sand"
argle-bargle	n.	noisy, pointless argument; copious but meaningless talk	from Scots, a reduplication of argle, an alteration of argue
armigerous	adj.	entitled to bear a heraldic coat of arms	from Latin armiger "armor-bearer", from arma "arms" + gerere "to carry"
assoil	v.	to absolve or pardon someone, especially of sin (archaic)	from Old French assoldre, from Latin absolvere "to set free"
asterism	n.	a noticeable pattern of stars, like the Big Dipper, that is not a whole constellation	from Greek asterismos "constellation", from astēr "star"
astrobleme	n.	an ancient scar on the earth's surface left by the impact of a meteorite	from Greek astron "star" + blēma "a missile, a wound"
attercop	n.	a spider; Bilbo taunts the spiders of Mirkwood with it in The Hobbit (archaic or dialect)	from Old English ātorcoppe "spider", from ātor "poison"
attitudinize	v.	to strike affected poses; to adopt an attitude for effect	from attitude "a posture, pose" + -ize
aureate	adj.	golden in color or brilliance; gilded	from Late Latin aureatus, from Latin aureus "golden", from aurum "gold"
autochthon	n.	one of the earliest known inhabitants of a place; an aboriginal inhabitant	from Greek autokhthōn "sprung from the land itself", from autos "self" + khthōn "earth"
autotomy	n.	the shedding of a body part, like a lizard's tail, to escape a predator	from Greek autos "self" + -tomia "cutting"
avaunt	adv.	away; begone, as a command to leave (archaic)	from Old French avant "forward", from Late Latin abante "in front"
baldric	n.	a belt worn over one shoulder and across the chest to carry a sword or bugle	from Middle English baudrik, from Old French baudré; ultimate origin uncertain
balefire	n.	a great outdoor fire, such as a bonfire, signal fire or funeral pyre	from Old English bǣlfȳr, from bǣl "funeral pyre" + fȳr "fire"
banausic	adj.	merely practical or mechanical; routine, dull and utilitarian	from Greek banausikos "of craftsmen", from banausos "artisan"
banjax	v.	to ruin, wreck or smash (chiefly Irish slang)	origin unknown
barbican	n.	an outer fortification, often a tower, guarding the gate or drawbridge of a castle	from Old French barbacane, of uncertain origin
bardolatry	n.	excessive, almost religious worship of Shakespeare	coined by G. B. Shaw (1901) from Bard + -olatry "worship"
barghest	n.	a goblin of English folklore, often in the form of a huge dog, whose appearance portends death	origin uncertain; the second part may be dialect ghest "ghost"
bartizan	n.	a small turret overhanging the corner of a wall or tower	an alteration of bratticing "timberwork, a wooden parapet"
bastinado	n.	a beating with a stick, especially on the soles of the feet, as a punishment	from Spanish bastonada, from bastón "stick"
batrachian	adj.	of, relating to or resembling frogs and toads	from Greek batrakhos "frog"
battology	n.	tiresome, needless repetition of the same words or ideas	from Greek battologia "stammering speech"
beclown	v.	to make a fool of someone; to make ridiculous	from be- + clown
belaud	v.	to heap praise on someone, often excessively	from be- + laud
beldam	n.	an old woman, especially an ugly or spiteful one; a hag	from Middle English beldame "grandmother", from Old French bel "fine" + dame "lady"
belike	adv.	probably; in all likelihood (archaic)	probably from by + like "what is likely"
benedick	n.	a newly married man, especially one who had long been a confirmed bachelor	from Benedick, who scoffs at marriage but weds Beatrice in Much Ado About Nothing
besom	n.	a broom made of a bundle of twigs tied around a handle	from Old English besma
betimes	adv.	early, or in good time (archaic)	from Middle English bitimes, from by + time
bewray	v.	to reveal or divulge, often unintentionally; to betray (archaic)	from Middle English bewreyen, from be- + Old English wrēgan "to accuse"
bezonian	n.	a needy beggar; a rascal or scoundrel (archaic)	from Italian bisogno "need", also "raw recruit", + -ian; used by Shakespeare
bibelot	n.	a small decorative object or trinket, valued for its beauty or rarity	from French, from Old French beubelet, a reduplication of bel "beautiful"
bibliomancy	n.	telling the future from a passage picked at random from a book, especially the Bible	from Greek biblion "book" + manteia "divination"
billingsgate	n.	coarse, foul-mouthed abuse; vulgar, profane invective	from Billingsgate, a London fish market once notorious for its fishwives' swearing
bindlestiff	n.	a hobo, especially one who carries his bedroll in a bundle	from bindle "a bundle, bedroll" + stiff "a tramp"; American slang
birl	v.	to spin a floating log by treading on it, as in a logrolling contest	perhaps a blend of birr "a whirring" and whirl
blench	v.	to flinch or shy away, as from fear	from Old English blencan "to deceive"
bolide	n.	a large, brilliant meteor that explodes in the atmosphere; a fireball	from French, from Greek bolis "missile"
bombinate	v.	to buzz, hum or drone, like a bee	from Late Latin bombinare, a variant of Latin bombilare "to buzz", from bombus "a buzzing"
boniface	n.	an innkeeper, or the proprietor of a hotel or restaurant	from Boniface, the innkeeper in George Farquhar's comedy The Beaux' Stratagem (1707)
bonnyclabber	n.	thick, curdled sour milk, often eaten sweetened with sugar or molasses	from Irish bainne clabair, from bainne "milk" + probably clabar "churn dasher"
bosky	adj.	covered with bushes, shrubs or trees; wooded	from Middle English bosk "bush"
bouleversement	n.	a violent upheaval or complete reversal; a turning upside down	from French, from bouleverser "to overturn"
brumal	adj.	of, relating to or occurring in winter; wintry	from Latin brumalis, from bruma "winter", originally "the shortest day"
bullyrag	v.	to intimidate by bullying; to badger or harass	from dialect ballarag, of uncertain origin
bumbledom	n.	the pompous, petty officiousness of minor bureaucrats	from Mr. Bumble, the self-important beadle in Dickens's Oliver Twist, + -dom
bumfuzzle	v.	to confuse, fluster or bewilder (chiefly Southern US)	origin uncertain; perhaps an alteration of bamboozle
bunyip	n.	a legendary monster said to lurk in Australian swamps, creeks and waterholes	from Wathawurrung, an Aboriginal language of Victoria, Australia
burke	v.	to suppress or hush up something quietly, as an inquiry or scandal	from William Burke, hanged in 1829 for smothering victims to sell as cadavers
butyraceous	adj.	resembling butter, or having its consistency; buttery	from Latin butyrum "butter"
facinorous	adj.	extremely wicked; atrociously villainous (archaic)	from Latin facinorosus, from facinus "deed, crime"
fainéant	n.	an idle, do-nothing person; a sluggard	from French fainéant "idler", popularly read as fait "does" + néant "nothing"
famulus	n.	an assistant or attendant to a scholar or magician	from Latin famulus "servant"
fanfaronade	n.	swaggering, boastful talk or behavior; bluster	from French fanfaronnade, from fanfaron "braggart", from Spanish fanfarrón
fantod	n.	a state of nervous irritability or fidgety unease (usually used in the plural)	origin unknown
fard	v.	to paint the face with cosmetics (archaic)	from French farder "to paint the face"
fardel	n.	a bundle or pack; hence, a burden to be borne (archaic)	from Old French fardel, diminutive of farde "a burden"
farouche	adj.	sullenly or awkwardly shy; unsociable	from French farouche "wild", from Late Latin forasticus "living outside"
fash	v.	to trouble, bother or annoy (Scottish)	from Middle French fascher "to anger", from Latin fastidium "disgust"
fatidic	adj.	prophetic; relating to or given to prophecy	from Latin fatidicus, from fatum "fate" + dicere "to say"
favonian	adj.	of or like the west wind; hence mild and gentle	from Latin Favonius "the west wind"
festinate	v.	to hurry or hasten; to act quickly (now rare)	from Latin festinare "to hasten"
flagitious	adj.	shamefully wicked; marked by scandalous crimes or vices	from Latin flagitiosus, from flagitium "shameful act"
fleech	v.	to coax or cajole with flattery (Scottish)	origin uncertain
fleer	v.	to laugh or grin mockingly; to jeer	probably of Scandinavian origin; compare Norwegian flire "to giggle"
flense	v.	to strip the blubber or skin from a whale or seal	from Danish or Norwegian flense (compare Dutch flensen)
flittermouse	n.	a bat, the flying mammal (archaic or dialect)	from flitter "to flit" + mouse, modeled on German Fledermaus
floccinaucinihilipilification	n.	the act or habit of estimating something as worthless	a jocular coinage from Latin flocci, nauci, nihili, pili, each meaning "of little value"
floruit	n.	the period when a person was active, cited when birth and death dates are unknown	from Latin floruit "he or she flourished", from florere "to flourish"
flyte	v.	to quarrel or exchange abuse, especially in verse (chiefly Scottish)	from Old English flītan "to quarrel"
foison	n.	a plentiful harvest; abundance (archaic)	from Old French foison, from Latin fusio "a pouring out"
foofaraw	n.	a great deal of fuss or attention over a minor matter	origin uncertain
footle	v.	to waste time in trivial activity; to potter about aimlessly	origin uncertain; perhaps from dialect footer "to trifle"
foozle	v.	to bungle or botch, especially a stroke in golf	perhaps from German dialect fuseln "to work carelessly"
forfend	v.	to forbid or avert, now mainly in pious exclamations (archaic)	from Middle English forfenden, from for- + fenden "to defend"
formication	n.	a sensation of insects crawling on or under the skin	from Latin formicatio, from formica "ant"
fossick	v.	to rummage or search about, originally for gold in old diggings (Australian)	probably from English dialect fossick "to ferret out", of uncertain origin
frondeur	n.	a rebel or malcontent, especially a critic of those in power	from French frondeur "slinger", a name for rebels of the Fronde (1648-53)
frore	adj.	frozen; intensely cold (archaic)	from Old English froren, past participle of frēosan "to freeze"
froward	adj.	stubbornly contrary and disobedient (archaic)	from Middle English fro "away" + -ward
fubsy	adj.	short and stout; plump and squat (chiefly British)	from obsolete fubs "a small fat person", of unknown origin
fugacious	adj.	tending to disappear; fleeting or evanescent	from Latin fugax "fleeing", from fugere "to flee"
fugleman	n.	a leader or model; originally a soldier drilled in front of a company as an example	from German Flügelmann "flank man", from Flügel "wing"
fulgurate	v.	to emit flashes, like lightning	from Latin fulgurare "to flash with lightning", from fulgur "lightning"
fuliginous	adj.	sooty or dusky; dark and murky	from Late Latin fuliginosus, from Latin fuligo "soot"
funambulist	n.	a tightrope walker; a performer who balances on a rope or wire	from Latin funambulus, from funis "rope" + ambulare "to walk"
furphy	n.	a rumor or false report (Australian)	from Furphy, the maker's name on army water and sanitary carts in World War I
fustigate	v.	to beat with a club or stick; to cudgel	from Late Latin fustigare, from Latin fustis "club, cudgel"
gabelle	n.	a tax, especially the hated salt tax of pre-revolutionary France	from French, from Italian gabella "tax"
gaberlunzie	n.	a wandering beggar, especially one licensed to beg (Scottish)	origin unknown
galimatias	n.	confused, meaningless talk; gibberish	from French, of unknown origin
gallimaufry	n.	a confused jumble or medley of things	from French galimafrée "a stew, hash", of uncertain origin
gallinaceous	adj.	of or relating to chickens, turkeys, grouse and other heavy-bodied ground birds	from Latin gallinaceus, from gallina "hen"
gammer	n.	an old woman, the counterpart of gaffer (archaic)	probably a contraction of godmother
gardyloo	interj.	a warning cry in old Edinburgh before dirty water was thrown from a window	from a mock-French phrase meaning "mind the water"
gazingstock	n.	a person or thing stared at with scorn or wonder (archaic)	from gazing + stock (compare laughingstock)
geophagy	n.	the practice of eating earth, clay or chalk	from Greek gē "earth" + -phagia "eating"
girandole	n.	an ornate branched candleholder, often backed by a mirror	from French, from Italian girandola, from girare "to turn"
glabrous	adj.	(of skin or a leaf) smooth and free from hair or down	from Latin glaber "smooth, hairless"
glaikit	adj.	foolish, thoughtless or stupid-looking (Scottish)	origin unknown
glaucous	adj.	of a pale grayish blue-green color	from Latin glaucus, from Greek glaukos "gleaming, bluish-green"
gleeman	n.	a wandering minstrel or entertainer (archaic)	from Old English glēoman, from glēo "entertainment, music" + man
gloze	v.	to explain away or gloss over something; to palliate	from Old French gloser, from glose "a gloss", from Latin glossa
gnathonic	adj.	sycophantic; fawning like a flattering hanger-on	from Latin Gnatho, a fawning parasite in Terence's comedy Eunuchus
gobemouche	n.	a gullible person who believes anything they are told	from French gobe-mouches "flycatcher", from gober "to swallow" + mouche "fly"
goliard	n.	a wandering student of medieval Europe who wrote satirical Latin verse	from Old French goliart "glutton"
gonfalon	n.	a banner hung from a crossbar, as flown by medieval Italian city-states	from Italian gonfalone, of Germanic origin
gongoozler	n.	a person who idly watches activity on a canal, or any idle onlooker	canal slang of uncertain origin, recorded in Britain from the early 20th century
gorbellied	adj.	having a large belly; potbellied (archaic)	from obsolete gorbelly "a big belly", of uncertain origin
gossoon	n.	a boy, especially a servant boy (Irish)	from an alteration of French garçon "boy"
gowk	n.	a fool or simpleton (Scottish and dialect)	from Old Norse gaukr "cuckoo"
gramarye	n.	magic, occult learning or necromancy (archaic)	from Old French gramaire "grammar, learning"
grangerize	v.	to illustrate a book by adding pictures cut from other books	from James Granger, whose Biographical History of England (1769) invited added portraits
gravamen	n.	the most serious or essential part of a complaint or accusation	from Late Latin gravamen "burden", from Latin gravare "to weigh down"
griffonage	n.	careless, illegible handwriting; a scrawl	from French griffonnage, from griffonner "to scribble"
grimalkin	n.	an old female cat (Graymalkin is a witch's familiar in Macbeth)	from gray + malkin, a pet form of the name Maud
grisaille	n.	painting done entirely in shades of gray, often to imitate sculpture	from French, from gris "gray"
grobian	n.	a coarse, slovenly lout; a boor	from German Grobian, from grob "coarse"
grockle	n.	a tourist, especially a vacationer in Devon or Cornwall (British)	origin uncertain
guddle	v.	to catch fish by groping with the hands under stones or banks (Scottish)	origin uncertain
guerdon	n.	a reward or recompense (archaic)	from Old French guerdon, from Medieval Latin widerdonum, of Germanic origin
gules	n.	the color red in heraldry	from Old French goules, of uncertain origin
gurn	v.	to pull a grotesque face, especially in a contest (chiefly British)	variant of dialect girn "to snarl", an alteration of grin
gyrovague	n.	a monk who wandered from monastery to monastery, living on hospitality	from Late Latin gyrovagus, from gyrus "circle" + vagus "wandering"
gyve	n.	a fetter or shackle, especially for the leg (archaic)	from Middle English, of unknown origin
habiliment	n.	clothing or attire, especially that of a particular office (usually plural)	from Middle French habillement, from habiller "to dress"
haboob	n.	a violent dust storm or sandstorm, especially in Sudan	from Arabic habūb
haecceity	n.	the quality that makes a thing uniquely itself; "thisness"	from Medieval Latin haecceitas, from Latin haec "this"
halidom	n.	something held holy, such as a relic or sanctuary (archaic)	from Old English hāligdōm, from hālig "holy" + -dōm "-dom"
hallux	n.	the big toe	from Modern Latin, based on a Latin word for the big toe
hamadryad	n.	in Greek myth, a wood nymph who lives and dies with the tree she inhabits	via Latin from Greek hamadryas, from hama "together with" + drys "tree"
hapax legomenon	n.	a word or form recorded only once in a text, an author's work or a language	from Greek hapax legomenon "(a thing) said once"
harmattan	n.	a dry, dusty wind that blows from the Sahara over West Africa in winter	from Twi haramata
haruspex	n.	a priest of ancient Rome who foretold the future by inspecting animal entrails	from Latin haruspex, second element from specere "to look at"
haver	v.	to talk foolishly; to babble nonsense (chiefly Scottish)	origin unknown
hebdomadal	adj.	weekly; occurring or appearing once every seven days	via Late Latin from Greek hebdomas "a group of seven, a week"
hebetude	n.	a state of mental dullness or lethargy	from Late Latin hebetudo, from Latin hebes "blunt, dull"
hemidemisemiquaver	n.	a sixty-fourth note in music (chiefly British)	from hemi- + demi- + semi- (all "half") + quaver
hendiadys	n.	expressing a single idea by two words joined with "and", as in "nice and warm"	via Medieval Latin from Greek hen dia dyoin "one by means of two"
hent	v.	to seize or grasp (archaic)	from Old English hentan "to seize"
heresiarch	n.	the founder or leader of a heretical movement	via Late Latin from Greek hairesiarchēs, from hairesis "sect" + archein "to lead"
hesternal	adj.	of or relating to yesterday	from Latin hesternus "of yesterday"
heteroclite	adj.	deviating from the ordinary rule; abnormal or eccentric	via Late Latin from Greek heteroklitos, from heteros "other" + klinein "to inflect"
hibernaculum	n.	a winter shelter of a hibernating animal, such as a bat cave or snake den	from Latin hibernaculum "winter quarters"
hiemal	adj.	of or relating to winter; wintry	from Latin hiemalis, from hiems "winter"
hierophant	n.	a person who interprets sacred mysteries or esoteric principles	via Late Latin from Greek hierophantēs, from hieros "sacred" + phainein "to show"
hight	adj.	named or called; having as a name (archaic)	from Old English hēht, past tense of hātan "to call, name"
hippophagy	n.	the practice of eating horse meat	from Greek hippos "horse" + -phagia "eating"
hircine	adj.	of or like a goat, especially in smell	from Latin hircinus, from hircus "he-goat"
hirple	v.	to walk with a limp; to hobble (Scottish)	origin unknown
hobbledehoy	n.	a clumsy, awkward youth, no longer a boy but not yet a man	origin unknown; recorded from the 16th century
hodiernal	adj.	of or relating to the present day	from Latin hodiernus, from hodie "today"
holus-bolus	adv.	all at once; all in one gulp	mock Latin, probably based on English whole + bolus "a lump"
horripilation	n.	the bristling of hair on the skin from cold, fear or excitement; goose bumps	from Late Latin horripilatio, from Latin horrere "to bristle" + pilus "hair"
hortus siccus	n.	a collection of dried and preserved plant specimens; a herbarium	from Latin, literally "dry garden"
hotspur	n.	a rash, hotheaded person	from Hotspur, nickname of Sir Henry Percy (1364-1403)
hugger-mugger	n.	disorderly confusion; a muddle	origin unknown; recorded from the 16th century
hypallage	n.	a figure of speech that interchanges the natural relation of two words, as in "the fire spread the wind"	via Late Latin from Greek hypallagē "exchange"
hypnopompic	adj.	relating to the drowsy state just before full waking	from Greek hypnos "sleep" + pompē "a sending away"
hypocorism	n.	a pet name or diminutive, such as "Bill" for William	via Late Latin from Greek hypokorisma, from hypokorizesthai "to call by pet names"
tantivy	adv.	at full gallop; at headlong speed	probably imitative of the sound of galloping hooves
taradiddle	n.	a petty or trivial lie; a fib	origin unknown
tatterdemalion	n.	a person dressed in ragged, tattered clothing; a ragamuffin	from tatter + a fanciful ending of unknown origin
ted	v.	to spread out or turn (newly mown grass or hay) so that it dries	from Middle English tedden, of Germanic origin
teetotum	n.	a small four-sided top spun with the fingers, its lettered sides deciding the play in games of chance	from T + totum: the side marked T stood for Latin totum "all", meaning "take all"
tergiversate	v.	to change sides or loyalties; to desert a cause or party	from Latin tergiversari "to turn one's back", from tergum "back" + vertere "to turn"
thalassocracy	n.	supremacy at sea; the power of a state whose strength rests on command of the seas	from Greek thalassokratia, from thalassa "sea" + kratos "power, rule"
thalweg	n.	a line joining the lowest points along a valley or riverbed, often used to fix a boundary	from German Thalweg, from Thal (now Tal) "valley" + Weg "way"
thaumaturge	n.	a worker of wonders or miracles; a magician	from Greek thaumatourgos "wonder-working", from thauma "wonder" + ergon "work"
theomachy	n.	a battle among the gods, or a struggle against the gods	from Greek theomachia, from theos "god" + machē "battle"
theriac	n.	a compound of many ingredients, formerly taken as an antidote to poison, especially venom	via Latin theriaca from Greek thēriakē, from thērion "wild beast"; source of treacle
thimblerig	n.	a swindling game in which a pea is hidden under one of three thimbles moved about; a shell game	from thimble + rig "a trick, a swindle"
thole	v.	to endure or put up with; to bear patiently (chiefly Scottish)	from Old English tholian "to suffer, endure"
thrasonical	adj.	given to bragging; vainly boastful	from Thraso, a boastful soldier in Terence's comedy Eunuchus
thrawn	adj.	perversely stubborn; contrary (chiefly Scottish)	from the past participle of Scots thraw "to twist", a form of throw
thurible	n.	a censer: a metal vessel, often swung on chains, in which incense is burned during worship	from Latin thuribulum, from thus "incense"
titivate	v.	to make small improvements to one's appearance; to spruce up	perhaps from tidy, on the model of cultivate
tittup	v.	to move in a lively, prancing or mincing way	perhaps imitative of the sound of hoofbeats
tmesis	n.	the splitting of a word by inserting another word in the middle, as in "abso-blooming-lutely"	from Greek tmēsis "a cutting", from temnein "to cut"
tohubohu	n.	chaos and confusion; a state of utter disorder	from Hebrew tōhū wā-bōhū "without form and void" (Genesis 1:2)
tondo	n.	a circular painting or relief carving, a form popular in the Italian Renaissance	from Italian tondo "round, circle", from Latin rotundus "round"
tontine	n.	a fund whose members' shares pass to the survivors as others die, until the last survivor takes all	from French, named for Lorenzo Tonti, a 17th-century Italian banker who proposed it
tope	v.	to drink alcoholic liquor to excess, especially habitually	origin uncertain
toxophilite	n.	a lover of archery; a devoted archer	from Toxophilus, Roger Ascham's 1545 archery book, from Greek toxon "bow" + philos "loving"
trug	n.	a shallow oblong basket made of wooden strips, used for carrying garden produce or flowers	perhaps a dialect variant of trough
turbary	n.	land where turf or peat is cut; also, the legal right to cut it on common land	from Anglo-French turberie, from turbe "turf", of Germanic origin
tussie-mussie	n.	a small bouquet of flowers or herbs, especially one chosen for the symbolic meanings of its flowers	from Middle English, of unknown origin
ubiety	n.	the state of existing in a particular place; whereness	from New Latin ubietas, from Latin ubi "where"
ullage	n.	the amount by which a container, such as a cask or bottle, falls short of being full	from Anglo-French ulliage, from a verb meaning "to fill up a cask"
unberufen	interj.	said to ward off bad luck after a hopeful or boastful remark; knock on wood	from German, literally "not jinxed", from un- + berufen "to tempt fate by mentioning"
unbosom	v.	to reveal one's private thoughts or feelings; to unburden oneself	from un- + bosom, the breast as the seat of the feelings
unco	adj.	strange or unusual; unfamiliar (chiefly Scottish)	a Scots alteration of uncouth, which originally meant "unknown, strange"
undine	n.	a female water spirit of European folklore; a water nymph	from New Latin undina, a term used by Paracelsus, from Latin unda "wave"
unkennel	v.	to drive (a fox or other animal) out of its hole or lair	from un- + kennel
unriddle	v.	to solve or explain (a riddle or mystery)	from un- + riddle
upas	n.	a tall Southeast Asian tree whose poisonous sap was used on arrows, fabled to kill all life near it	from Malay upas "poison"
uraeus	n.	the upright cobra worn on the headdress of ancient Egyptian rulers as an emblem of sovereignty	via New Latin from Greek ouraios, probably of Egyptian origin
urceolate	adj.	shaped like an urn or pitcher, swelling below and narrowing at the mouth	from Latin urceolus "small pitcher", diminutive of urceus "pitcher"
usquebaugh	n.	whiskey, especially Irish or Scotch (archaic or literary)	from Irish uisce beatha "water of life"
usufruct	n.	the legal right to use and enjoy another's property without damaging or diminishing it	from Latin usus et fructus "use and enjoyment"
vade mecum	n.	a handbook or guide kept constantly at hand for reference	from Latin, literally "go with me"
vail	v.	to lower or take off (a flag or hat) as a sign of respect or submission (archaic)	from Middle English valen, short for avalen, from Old French avaler "to lower"
valetudinarian	n.	a sickly person, especially one anxiously preoccupied with their health	from Latin valetudinarius "sickly", from valetudo "state of health"
vambrace	n.	a piece of plate armor protecting the forearm	from Anglo-French vantbras, from avant "fore" + bras "arm"
vaticinate	v.	to foretell future events; to prophesy	from Latin vaticinari "to prophesy", from vates "prophet, seer"
velarium	n.	a great awning drawn over an ancient Roman theater or amphitheater to shade spectators	from Latin velarium, from velum "sail, awning"
velleity	n.	a mere wish or inclination, too slight to lead to action	from New Latin velleitas, from Latin velle "to wish"
velutinous	adj.	covered with fine, soft, dense hairs; velvety	from New Latin velutinus, from Medieval Latin velutum "velvet"
verjuice	n.	the sour juice of unripe grapes, crab apples or other fruit, formerly much used in cooking	from Old French vertjus, from vert "green" + jus "juice"
vermifuge	n.	a medicine that expels intestinal worms	via French from New Latin vermifugus, from Latin vermis "worm" + fugare "to put to flight"
vernalize	v.	to hasten a plant's flowering by exposing its seed or seedling to low temperatures	from Latin vernalis "of spring", from ver "spring"
vernissage	n.	a private preview of an art exhibition before it opens to the public	from French, literally "varnishing"
vespertine	adj.	of, relating to or active in the evening	from Latin vespertinus, from vesper "evening"
vexillology	n.	the study of flags, their history and their symbolism	from Latin vexillum "flag, banner" + -logy
viaticum	n.	the Eucharist given to a person who is dying or in danger of death	from Latin viaticum "provision for a journey", from via "way"
vibrissa	n.	one of the stiff, sensitive whiskers growing near the nose or mouth of many mammals	from Latin vibrissae "nostril hairs"
viduity	n.	the state or period of being a widow; widowhood	from Latin viduitas, from vidua "widow"
vigesimal	adj.	based on the number twenty, as in a system of counting by scores	from Latin vigesimus "twentieth", from viginti "twenty"
vilipend	v.	to regard or treat as of little value; to disparage	from Latin vilipendere, from vilis "cheap" + pendere "to weigh, value"
vinaceous	adj.	having the deep purplish-red color of red wine	from Latin vinaceus, from vinum "wine"
virgule	n.	a diagonal mark (/) used to separate alternatives, as in "and/or"; a slash	from French virgule "comma", from Latin virgula "little rod"
volplane	v.	to glide down in an airplane with the engine shut off	from French vol plané "gliding flight"
vug	n.	a small cavity in a rock or vein, often lined with crystals	from Cornish vooga "cave"
vulnerary	adj.	used for or useful in healing wounds, as an herb or ointment	from Latin vulnerarius, from vulnus "wound"
wabbit	adj.	exhausted or feeling slightly unwell; worn out (Scottish)	origin uncertain
wamble	v.	to feel nauseous; (of the stomach) to churn or rumble	from Middle English wamlen, perhaps of Scandinavian origin
wapentake	n.	a former division of some English counties, equivalent to the hundred in other counties	from Old English wǣpengetæc, from Old Norse vápnatak "a taking of weapons"
wayzgoose	n.	an annual outing or dinner given by a printing house for its employees	origin unknown
weasand	n.	the windpipe or throat (archaic)	from Old English wǣsend
welkin	n.	the sky; the vault of heaven (literary)	from Old English wolcen "cloud"
wergild	n.	the price set on a person's life in Anglo-Saxon and Germanic law, paid by a killer to the victim's kin	from Old English wergild, from wer "man" + gield "payment"
wester	v.	to move or turn toward the west, as the sun does in the afternoon	from Middle English westren, from west
whicker	v.	to neigh or whinny softly, as a horse does	imitative
whiffle	v.	to blow in light, fitful puffs or gusts	probably a frequentative of whiff
whilom	adv.	formerly; at one time (archaic)	from Old English hwīlum "at times", dative plural of hwīl "while, time"
widdershins	adv.	in a direction contrary to the sun's course; counterclockwise	from Middle Low German weddersinnes "against the direction"
williwaw	n.	a sudden violent squall blowing down from mountains to the sea, as along high-latitude coasts	origin unknown
windlestraw	n.	a thin, dry stalk of grass (chiefly Scottish and Irish)	from Old English windelstrēaw, from windel "basket" + strēaw "straw"
witter	v.	to talk at length about trivial matters; to prattle (chiefly British)	origin uncertain, probably imitative
woodwose	n.	a hairy wild man of the woods, a figure of medieval legend and art	from Old English wudu "wood" + an element of uncertain meaning
wowser	n.	a puritanical killjoy who campaigns against others' pleasures, such as drinking (chiefly Australian)	origin unknown
wynd	n.	a narrow lane or alley, especially in a Scottish town	from Middle English (Scots) wynde, probably from winden "to wind"
xanthous	adj.	yellow or yellowish in color	from Greek xanthos "yellow"
xebec	n.	a small three-masted Mediterranean sailing ship, once used by Barbary corsairs	from French chebec, via Italian, ultimately from Arabic
xenial	adj.	of or relating to hospitality or the relations between host and guest	from Greek xenia "hospitality", from xenos "guest, stranger"
xeric	adj.	characterized by, relating to or adapted to a very dry habitat	from Greek xēros "dry"
xoanon	n.	a primitive carved image of a god, originally of wood, as in ancient Greece	from Greek xoanon, from xein "to carve, scrape"
xylophagous	adj.	feeding on or boring into wood, as termites and some beetles do	from Greek xylophagos, from xylon "wood" + phagein "to eat"
xyst	n.	a long, often covered portico used by ancient Greek athletes for exercise	via Latin xystus from Greek xystos, from xyein "to scrape"
yaffle	n.	the green woodpecker, named for its laughing call (British dialect)	imitative of the bird's call
yarborough	n.	a bridge or whist hand containing no card higher than a nine	from an Earl of Yarborough, reputed to have offered odds against being dealt one
yare	adj.	(of a boat) quick to respond to the helm; easily handled	from Old English gearu "ready"
yataghan	n.	a Turkish saber with a double-curved blade and no crossguard	from Turkish yatağan
yclept	adj.	by the name of; called (archaic or humorous)	from Old English geclypod, past participle of clipian "to call"
yegg	n.	a burglar, especially one who cracks safes	origin unknown
yestreen	adv.	yesterday evening; last night (chiefly Scottish)	from Middle English, from yester- + even "evening"
younker	n.	a young man or youngster (archaic)	from Middle Dutch jonchere "young nobleman", from jonc "young" + here "lord"
zareba	n.	an enclosure of thorn bushes built around a camp or village for protection, especially in Sudan	from Arabic zarība "pen, enclosure"
zarf	n.	a holder, usually of ornamental metal, for a handleless coffee cup	from Arabic ẓarf "container, vessel"
zetetic	adj.	proceeding by inquiry; seeking or investigating	from Greek zētētikos, from zētein "to seek"
zeugma	n.	a figure of speech in which one word governs two others in different senses: "lost her keys and her temper"	from Greek zeugma "a yoking, bond"
zoolatry	n.	the worship of animals as sacred or divine	from Greek zōion "animal" + latreia "worship"
zucchetto	n.	a small round skullcap worn by Roman Catholic clergy, its color showing the wearer's rank	from Italian zucchetta, diminutive of zucca "gourd, head"
zugzwang	n.	in chess, a position in which any move a player makes will worsen their position	from German Zugzwang, from Zug "move" + Zwang "compulsion"
zygodactyl	adj.	having the toes in pairs, two pointing forward and two back, as parrots and woodpeckers do	from Greek zygon "yoke" + daktylos "finger, toe"
zymurgy	n.	the branch of chemistry that deals with fermentation, as in brewing	from Greek zymē "leaven" + -urgy "working"
zyzzyva	n.	any of a genus of tropical American weevils that feed on plants	from New Latin Zyzzyva, the genus name, of unknown origin
iconostasis	n.	in Eastern Orthodox churches, a screen bearing tiers of icons that separates the sanctuary from the nave	from Greek, from eikōn "image" + stasis "standing, station"
idoneous	adj.	fit, suitable or proper for a purpose; now rare	from Latin idoneus "fit, suitable"
ignis fatuus	n.	a will-o'-the-wisp; hence, a delusive hope or goal	from Medieval Latin, literally "foolish fire"
illation	n.	the act of drawing a conclusion from premises; an inference	from Latin illatio, from illatus, past participle of inferre "to bring in, infer"
illeism	n.	the practice of referring to oneself in the third person	from Latin ille "he, that one" + -ism
imbricate	adj.	overlapping at the edges in regular order, like roof tiles or fish scales	from Latin imbricatus "covered with tiles", from imbrex "roof tile"
immarcescible	adj.	that cannot fade or wither; imperishable	from Late Latin immarcescibilis, from Latin marcescere "to wither, fade"
imparadise	v.	to make supremely happy; to transport as if into paradise	from im- "in" + paradise
impignorate	v.	to pledge or pawn something as security (archaic)	from Medieval Latin impignorare, from Latin pignus "pledge"
impostume	n.	a swelling full of pus; an abscess (archaic)	from Old French empostume, alteration of apostume, ultimately from Greek apostēma "abscess"
incarnadine	adj.	of a flesh-pink color; also, blood-red or crimson	via French from Italian incarnadino "flesh-colored", ultimately from Latin caro "flesh"
inchmeal	adv.	little by little; gradually	from inch + -meal "by measures", from Old English mǣlum
incondite	adj.	(of writing or art) badly put together; crude or unpolished	from Latin inconditus "unarranged", from condere "to put together"
incunabulum	n.	a book printed before 1501, in the infancy of printing	from Latin incunabula "swaddling clothes, cradle"
indagate	v.	to search out; to investigate (archaic)	from Latin indagare "to track down, investigate"
indite	v.	to put into words or write down, as a poem or letter (archaic)	from Old French enditier, ultimately from Latin dicere "to say"
inenarrable	adj.	impossible to describe or recount; indescribable	from Latin inenarrabilis, from in- "not" + enarrare "to explain in detail"
infandous	adj.	too odious or dreadful to be spoken of; unspeakable (obsolete)	from Latin infandus "unspeakable", from in- "not" + fari "to speak"
infare	n.	a party or reception given for a newly married couple (chiefly dialect)	from Old English infær "entrance"
infrangible	adj.	impossible to break or to violate; unbreakable, inviolable	from Late Latin infrangibilis, from Latin frangere "to break"
ingeminate	v.	to repeat or reiterate, especially for emphasis	from Latin ingeminare "to redouble", from geminare "to double"
ingravescent	adj.	(of a disease or condition) steadily growing more severe	from Latin ingravescere "to grow heavier, worsen", from gravis "heavy"
ingurgitate	v.	to swallow greedily or in great quantity; to gorge	from Latin ingurgitare "to pour in, flood", from gurges "whirlpool"
inhume	v.	to bury a body; to inter	from Latin inhumare, from humus "earth"
inkhorn	adj.	(of words or style) pedantically learned; bookish	from inkhorn, a small horn vessel for ink, as carried by scholars
inquiline	n.	an animal that lives as a lodger in the nest or burrow of another species	from Latin inquilinus "tenant, lodger"
insessorial	adj.	(of birds) adapted for perching, as the feet of songbirds are	from New Latin Insessores, a former order of perching birds, from Latin insidere "to sit on"
insolate	v.	to expose to the rays of the sun, as for drying or bleaching	from Latin insolare "to place in the sun", from sol "sun"
inspissate	v.	to thicken or condense a liquid, as by evaporation	from Late Latin inspissare, from Latin spissus "thick"
insufflate	v.	to blow air, gas or powder into something, especially a body cavity	from Late Latin insufflare "to blow into", from sufflare "to blow"
intenerate	v.	to make tender; to soften (archaic)	from Latin in- + tener "tender"
intumesce	v.	to swell up or bubble up, as a substance does when heated	from Latin intumescere "to swell up", from tumere "to swell"
inwit	n.	inward sense of right and wrong; conscience (archaic)	from Middle English, from in + wit "mind"
ipseity	n.	selfhood; the quality of being oneself and no other	from Latin ipse "self" + -ity
iracund	adj.	inclined to anger; hot-tempered	from Latin iracundus, from ira "anger"
irenic	adj.	aiming or aimed at peace; conciliatory	from Greek eirēnikos, from eirēnē "peace"
irrefragable	adj.	impossible to refute or deny; indisputable	from Late Latin irrefragabilis, from refragari "to oppose"
isagoge	n.	a scholarly introduction to a field of study or to a text	from Greek eisagōgē "introduction", from eisagein "to lead in"
isocolon	n.	a rhetorical figure using successive phrases or clauses of equal length	from Greek isokōlon, from isos "equal" + kōlon "limb, clause"
izzard	n.	an archaic or dialect name for the letter z	origin uncertain; an alteration of earlier ezod or ezed, perhaps from French
jacquerie	n.	a peasants' revolt; originally, the French peasant uprising of 1358	from French, from Jacques, a derisive name for a French peasant
jehu	n.	a fast or reckless driver	from Jehu, king of Israel, who "driveth furiously" (2 Kings 9:20)
jentacular	adj.	of or relating to breakfast	from Latin jentaculum "breakfast"
jobation	n.	a long, tedious scolding or lecture	from obsolete jobe "to rebuke at length", apparently from the biblical Job
jobbernowl	n.	a stupid person; a blockhead	probably from French jobard "simpleton" + English noll "head"
jobbery	n.	the corrupt use of a public office or trust for private gain	from job in the sense "a public transaction done for private profit"
jocoserious	adj.	mingling jest and seriousness; half joking, half in earnest	from Latin jocus "joke" + English serious
jorum	n.	a large drinking bowl, or the quantity of drink it holds	perhaps from Joram, who brought David vessels of silver and gold (2 Samuel 8:10)
jouk	v.	to duck or dodge, as to avoid a blow (Scottish)	origin uncertain
jussive	adj.	expressing a command, as a verb mood or form (grammar)	from Latin jussus, past participle of jubere "to command"
juvenescent	adj.	becoming young or youthful; growing young again	from Latin juvenescere "to reach youth", from juvenis "young"
kakistocracy	n.	government by the least qualified or most unprincipled people	from Greek kakistos "worst" + -cracy "rule"
katabasis	n.	a going down or back; a retreat, especially a military retreat	from Greek katabasis "descent", from katabainein "to go down"
katzenjammer	n.	a hangover; hence, a state of distress or confusion	from German Katzenjammer "hangover", from Katze "cat" + Jammer "distress, wailing"
keck	v.	to retch or heave; hence, to feel or show disgust	imitative
kedge	v.	to move a ship by hauling on a line fastened to a small anchor dropped ahead	origin uncertain
kenosis	n.	in Christian theology, Christ's emptying himself of divine attributes in becoming human	from Greek kenōsis "an emptying", from kenoun "to empty"
kenspeckle	adj.	conspicuous; easily recognized (Scottish)	probably of Scandinavian origin; related to ken "to know"
kerf	n.	the slit or groove made by a saw as it cuts	from Old English cyrf "a cutting", related to carve
kerygma	n.	the apostolic proclamation of the Christian gospel	from Greek kērygma "proclamation", from kēryssein "to proclaim"
kickshaw	n.	a fancy but insubstantial dish; a delicacy	from French quelque chose "something"
killick	n.	a small anchor, especially a stone held in a wooden frame	origin unknown
kirtle	n.	a woman's long gown or outer skirt (archaic)	from Old English cyrtel, perhaps ultimately from Latin curtus "short"
kittle	adj.	ticklish; difficult or tricky to deal with (Scottish)	from kittle "to tickle", from Old English or Old Norse
knap	v.	to strike with a sharp blow; especially, to shape flint by chipping it	from Middle English knappen, imitative
knobkerrie	n.	a short wooden club with a knobbed head, used as a weapon in southern Africa	from Afrikaans knopkierie, from knop "knob" + kierie "stick"
knout	n.	a leather-thonged whip formerly used in Russia for flogging criminals	via French from Russian knut
kvell	v.	to be extraordinarily proud and pleased, as of a child's achievement	from Yiddish kveln "to be delighted", from Middle High German quellen "to well up"
kythe	v.	to make known; to show or reveal (Scottish)	from Old English cȳthan "to make known"
labefaction	n.	a weakening or shaking; hence, downfall or ruin	from Latin labefacere "to cause to totter"
lacertilian	adj.	of, relating to or resembling lizards	from New Latin Lacertilia, from Latin lacerta "lizard"
laches	n.	undue delay in asserting a right or claim, which may bar relief (law)	from Anglo-French laschesse "negligence", from lasche "lax", from Latin laxus "loose"
lachrymatory	n.	a small vessel found in ancient tombs, once thought to have held mourners' tears	from Latin lacrima "tear"
lacustrine	adj.	of, relating to or living in lakes	from Latin lacus "lake"
lagan	n.	goods sunk at sea but marked by a buoy so that they can be recovered	from Old French lagan, of uncertain origin
landloper	n.	a vagabond; one who roams from place to place	from Dutch landlooper, from land "land" + lopen "to run"
lanuginous	adj.	covered with fine soft hair; downy	from Latin lanuginosus, from lanugo "down"
lapidate	v.	to throw stones at; to stone to death	from Latin lapidare, from lapis "stone"
larrikin	n.	a rowdy, mischievous young person; a hooligan (chiefly Australian)	origin uncertain; Australian, from the late 19th century
lave	v.	to wash or bathe (literary)	from Old English lafian, reinforced by Old French laver, from Latin lavare "to wash"
lazaret	n.	a hospital for contagious diseases, or a quarantine station	from Italian lazzaretto, influenced by lazzaro "leper", from the biblical Lazarus
leal	adj.	loyal and true; faithful (Scottish)	from Anglo-French leal, from Latin legalis "legal"
legerity	n.	lightness and quickness of mind or body; nimbleness	from Middle French légèreté, from léger "light", from Latin levis "light"
lemniscate	n.	a figure-eight curve, shaped like the symbol for infinity	from Latin lemniscatus "adorned with ribbons", from lemniscus "ribbon"
lenitive	adj.	soothing or easing pain or distress	from Medieval Latin lenitivus, from Latin lenire "to soften, soothe"
lentiginous	adj.	covered with freckles; freckled	from Latin lentigo "freckle", from lens "lentil"
leporine	adj.	of, relating to or resembling a hare	from Latin leporinus, from lepus "hare"
levigate	v.	to grind into a fine smooth powder, especially while moist	from Latin levigare "to make smooth", from levis "smooth"
levin	n.	lightning; a flash of lightning (archaic)	from Middle English leven, of uncertain origin
lief	adv.	gladly; willingly (archaic)	from Old English lēof "dear"
limitrophe	adj.	situated on a border; adjacent to a frontier	via French from Late Latin limitrophus, from limes "boundary"
lipogram	n.	a piece of writing that deliberately avoids a particular letter of the alphabet	from Greek lipogrammatos "lacking a letter", from leipein "to leave" + gramma "letter"
liripipe	n.	the long tail or tippet of a medieval hood	from Medieval Latin liripipium, of unknown origin
lixiviate	v.	to separate soluble from insoluble matter by washing it with water; to leach	from Latin lixivium "lye"
lobscouse	n.	a sailor's stew of meat, vegetables and ship's biscuit	origin unknown
logomachy	n.	an argument about words or the meaning of words	from Greek logomachia, from logos "word" + machē "battle"
lollop	v.	to move with a bouncing, loping or clumsy gait	probably from loll
longanimity	n.	patient endurance of injuries or hardship; forbearance	from Late Latin longanimitas, from longus "long" + animus "mind, spirit"
loricate	adj.	covered with protective plates or scales, like armor	from Latin loricatus, from lorica "breastplate"
lorimer	n.	a maker of bits, spurs and other metal parts of a horse's harness	from Old French loremier, from lorain "harness strap", ultimately from Latin lorum "thong"
losel	n.	a worthless person; a scoundrel or wastrel (archaic)	from Middle English, from losen, past participle of lesen "to lose"
loup-garou	n.	a werewolf, especially in French folklore	from French, from loup "wolf" + garou "werewolf"
lucifugous	adj.	avoiding light, as some insects do	from Latin lucifugus, from lux "light" + fugere "to flee"
lucubrate	v.	to study or write laboriously, especially at night	from Latin lucubrare "to work by lamplight", from lux "light"
ludic	adj.	showing spontaneous, undirected playfulness	from French ludique, from Latin ludus "play"
lurdan	n.	a lazy, stupid person; a lout (archaic)	from Old French lourdin, from lourd "heavy, dull"
lustrum	n.	a period of five years	from Latin lustrum, a purifying sacrifice held every five years after the census
lusus naturae	n.	a freak of nature; a strikingly abnormal creature or thing	from Latin, literally "a sport of nature"
lychgate	n.	a roofed gateway to a churchyard, where a coffin rested awaiting the clergyman	from Old English līc "body, corpse" + gate
macaronic	adj.	(of verse) mixing vernacular words with Latin, or giving them Latin endings, for comic effect	from New Latin macaronicus, from Italian dialect maccarone "macaroni"
maffick	v.	to celebrate an event boisterously in public (chiefly British)	a back-formation from Mafeking, whose relief in 1900 set off wild celebrations in Britain
maieutic	adj.	(of a teaching method) drawing out a person's latent ideas by questioning, as Socrates did	from Greek maieutikos "of midwifery", from maia "midwife"
malapert	adj.	impudently bold in speech; saucy (archaic)	from Old French mal- "badly" + apert, glossed variously as "skillful" or "open, frank"
malison	n.	a curse called down on someone (archaic)	via Anglo-French from Latin maledictio "evil-speaking, abuse"
malversation	n.	corrupt or dishonest conduct in public office, such as embezzlement	from Middle French, from malverser "to act corruptly"
mammock	v.	to tear into fragments; to mangle	origin unknown
mandorla	n.	an almond-shaped aureole surrounding the whole figure of Christ or a saint in religious art	from Italian mandorla "almond"
manducate	v.	to chew; to eat	from Latin manducare "to chew, eat"
mansuetude	n.	gentleness or mildness of manner; meekness (archaic)	from Latin mansuetudo, from mansuetus "tame", literally "accustomed to the hand"
marcescent	adj.	(of a leaf or flower) withering but staying attached to the plant instead of falling	from Latin marcescere "to wither"
marivaudage	n.	affected, overrefined banter, especially about love	from French, from Pierre de Marivaux (1688-1763), French playwright and novelist
marplot	n.	a person who spoils a plan or undertaking by meddling	from Marplot, a meddling character in Susanna Centlivre's comedy The Busy Body (1709)
mattoid	n.	a person of erratic mind, verging on both genius and insanity	from Italian mattoide, from matto "mad"
matutinal	adj.	of, relating to or occurring in the morning	from Late Latin matutinalis, from Latin matutinus "of the morning"
maugre	prep.	in spite of; notwithstanding (archaic)	from Old French maugré "displeasure", from mal "bad" + gré "pleasure"
mazard	n.	the head or face (archaic)	alteration of mazer "a hardwood drinking bowl"
megrim	n.	a severe headache; a migraine (archaic)	from Middle French migraine, from Late Latin hemicrania "pain in one side of the head"
mell	v.	to mix or mingle (archaic or dialect)	from Anglo-French meller, variant of medler "to mix"
mephitic	adj.	foul-smelling and noxious, like poisonous vapors	from Late Latin mephiticus, from Latin mephitis "a noxious exhalation from the ground"
merrythought	n.	the wishbone of a fowl (chiefly British)	from merry + thought, alluding to the custom of pulling it apart to make a wish
metagrobolize	v.	to puzzle or mystify; to baffle	from French, a word coined by Rabelais
minatory	adj.	expressing or conveying a threat; menacing	from Late Latin minatorius, from Latin minari "to threaten"
minauderie	n.	a coquettish or affected manner; simpering airs	from French, from minauder "to simper"
minikin	n.	a small or dainty creature or thing	from obsolete Dutch minneken "darling", diminutive of minne "love"
misology	n.	hatred or distrust of reasoning or argument	from Greek misologia, from misein "to hate" + logos "reason, argument"
misoneism	n.	hatred or fear of innovation or change	from Italian misoneismo, from Greek misein "to hate" + neos "new"
misprision	n.	the concealment of a treason or felony by someone who took no part in it (law)	from Anglo-French mesprisioun "error", from mesprendre "to make a mistake"
mithridatize	v.	to make immune to a poison by taking gradually increasing doses of it	from Mithridates VI of Pontus, who was said to have protected himself this way
mizzle	v.	to rain in very fine drops; to drizzle	from Middle English misellen; compare Low German miseln "to drizzle"
moil	v.	to work hard; to toil and drudge	from Anglo-French moiller "to wet", ultimately from Latin mollis "soft"
moither	v.	to bother or confuse someone; to bewilder (British dialect)	origin uncertain
moldwarp	n.	a mole (archaic or dialect)	from Middle English moldwerp, literally "earth-thrower"
mome	n.	a fool; a blockhead (archaic)	origin uncertain
monadnock	n.	an isolated hill or mountain of resistant rock rising above a worn-down plain	from Mount Monadnock in New Hampshire
moonglade	n.	the bright track of moonlight reflected on water	from moon + glade
mortmain	n.	the perpetual holding of land by a church or corporation, which cannot sell or bequeath it	from Anglo-French mortemain, from Medieval Latin mortua manus "dead hand"
mouchard	n.	a police spy or informer, especially in France	from French, from mouche "fly"
muliebrity	n.	womanliness; the qualities regarded as characteristic of a woman	from Late Latin muliebritas, from Latin mulier "woman"
mulligrubs	n.	a fit of low spirits; a sulky, despondent mood	origin unknown; first recorded in the late 16th century
multum in parvo	n.	a great deal of something in a small space	from Latin, literally "much in little"
mumpsimus	n.	a person who obstinately clings to an error or outdated practice even after it has been exposed	from a 16th-century tale of a priest who said mumpsimus for Latin sumpsimus "we have taken"
mundify	v.	to cleanse or purify (archaic)	from Late Latin mundificare, from Latin mundus "clean" + facere "to make"
mundungus	n.	foul-smelling tobacco (archaic)	from Spanish mondongo "tripe"
murrain	n.	a pestilence, especially an infectious disease of cattle or sheep	from Anglo-French morine, from murir "to die", from Latin mori
mussitation	n.	movement of the lips as if speaking, but without making a sound; muttering	from Latin mussitare "to mutter"
musth	n.	a periodic state of frenzied, aggressive behavior in bull elephants	from Urdu mast "intoxicated", from Persian
myrmecophile	n.	an organism, such as a beetle, that habitually lives in an ant colony	from Greek myrmēx "ant" + -phile "lover"
mystagogue	n.	a person who initiates others into religious mysteries or esoteric doctrines	from Greek mystagōgos, from mystēs "initiate" + agein "to lead"
napiform	adj.	shaped like a turnip; (of a root) round above and tapering sharply below	from Latin napus "turnip" + -form
natation	n.	the act or art of swimming	from Latin natatio, from natare "to swim"
natheless	adv.	nevertheless; notwithstanding (archaic)	from Old English, literally "not the less"
naumachia	n.	a mock sea battle staged as a spectacle in ancient Rome, or a flooded arena built for one	via Latin from Greek naumachia "sea fight", from naus "ship" + machē "battle"
neoteric	adj.	recent in origin; modern (often said of writers or ideas)	from Late Latin neotericus, from Greek neōterikos "youthful", from neos "new"
nepenthe	n.	a drug or potion that brings forgetfulness of sorrow; anything that does so	via Latin from Greek nēpenthes "banishing grief", from nē- "not" + penthos "grief"
nescience	n.	lack of knowledge; ignorance	from Late Latin nescientia, from Latin nescire "not to know"
nesh	adj.	unduly sensitive to cold; soft or feeble (British dialect)	from Old English hnesce "soft"
nictitate	v.	to blink or wink; to close and open the eyelids quickly	from Medieval Latin nictitare, from Latin nictare "to wink, blink"
nidify	v.	to build a nest (said of birds)	from Latin nidificare, from nidus "nest" + facere "to make"
nidor	n.	the smell of cooking or burning meat or fat	from Latin nidor "vapor, smell of cooking"
nim	v.	to steal or pilfer (archaic)	from Old English niman "to take"
nimiety	n.	excess; a state of being more than is needed or wanted	from Late Latin nimietas, from Latin nimius "too much"
ninnyhammer	n.	a fool or simpleton	perhaps from ninny + hammer
nithing	n.	a coward or villain; a contemptible wretch (archaic)	from Old Norse níðingr "villain"
niveous	adj.	snowy; resembling snow, especially in whiteness	from Latin niveus, from nix "snow"
nobble	v.	to tamper with a racehorse to stop it winning; hence, to sway someone by bribery or threats (British informal)	origin uncertain
noctambulist	n.	a sleepwalker	from Latin nox "night" + ambulare "to walk"
noddle	n.	the head, especially as the seat of thought (informal)	from Middle English nodle; origin unknown
nomothete	n.	a lawgiver; a legislator	from Greek nomothetēs, from nomos "law" + tithenai "to set down"
nonage	n.	the period during which a person is legally a minor; hence, any period of immaturity	from Anglo-French nounage, from noun- "non-" + age "age"
nonesuch	n.	a person or thing without equal; a paragon	from none + such
novercal	adj.	of, like or befitting a stepmother	from Latin novercalis, from noverca "stepmother"
noyade	n.	execution by mass drowning, as carried out at Nantes during the French Revolution	from French, from noyer "to drown"
nudiustertian	adj.	of or relating to the day before yesterday (obsolete)	from Latin nudius tertius "the day before yesterday", literally "it is now the third day"
nullifidian	n.	a person who has no religious faith; an unbeliever	from Latin nullus "no" + fides "faith"
nuncheon	n.	a light snack or drink taken between meals (archaic)	from Middle English, from none "noon" + schench "a drink"
nuncupative	adj.	(of a will) declared orally rather than written down	from Late Latin nuncupativus, from Latin nuncupare "to name, declare"
nympholepsy	n.	a frenzy of emotion, especially a yearning for something unattainable	from Greek nympholēptos "caught by nymphs", on the model of epilepsy
obambulate	v.	to walk about; to wander here and there (archaic)	from Latin obambulare "to walk about", from ambulare "to walk"
obelus	n.	a mark (a short horizontal line or ÷) used in ancient manuscripts to flag a doubtful passage	via Late Latin from Greek obelos "a roasting spit"
objurgate	v.	to rebuke or scold someone severely; to berate	from Latin objurgare "to chide, rebuke", from jurgare "to quarrel, scold"
obmutescence	n.	a falling or remaining silent; obstinate muteness	from Latin obmutescere "to become mute", from mutus "mute"
obnubilate	v.	to cloud over; to darken or obscure	from Latin obnubilare "to cover with clouds", from nubila "clouds"
obsecrate	v.	to beg or beseech earnestly; to supplicate (archaic)	from Latin obsecrare "to beseech", from sacrare "to hold sacred"
obsidional	adj.	of or relating to a siege	from Latin obsidionalis, from obsidio "siege"
obtemper	v.	to obey or comply with a court order or judgment (Scots law)	via French from Latin obtemperare "to comply, obey"
obtund	v.	to blunt or deaden, especially a sensation or faculty	from Latin obtundere "to beat against, blunt", from tundere "to beat"
ochlocracy	n.	government by the mob; mob rule	from Greek ochlokratia, from ochlos "mob" + kratos "rule, power"
ochone	interj.	an exclamation of grief or regret; alas (Irish and Scottish)	from Irish ochón and Scottish Gaelic ochoin
octothorpe	n.	the symbol #; the hash or pound sign	coined at Bell Labs in the 1960s from octo- "eight" (its points); the -thorpe is disputed
octroi	n.	a local tax on goods brought into a town, as formerly levied in France	from French, from octroyer "to grant"
oeillade	n.	an amorous glance; an ogle	from French, from oeil "eye"
ogdoad	n.	a group or set of eight	via Late Latin from Greek ogdoas "the number eight", from oktō "eight"
omnifarious	adj.	of all kinds, varieties or forms	from Late Latin omnifarius, from Latin omnis "all"
omnium-gatherum	n.	a miscellaneous collection of people or things; a hodgepodge	mock Latin, from Latin omnium "of all" + English gather + the Latin ending -um
omphaloskepsis	n.	contemplation of one's navel as an aid to meditation; navel-gazing	from Greek omphalos "navel" + skepsis "examination"
oneiromancy	n.	divination by the interpretation of dreams	from Greek oneiros "dream" + manteia "divination"
oniomania	n.	an uncontrollable compulsion to buy things	from Greek ōnios "for sale" + mania
onychophagia	n.	habitual nail-biting	from Greek onyx "nail, claw" + phagein "to eat"
operose	adj.	involving or displaying much labor; laborious	from Latin operosus "painstaking", from opus "work"
ophidian	adj.	of, relating to or resembling snakes	from New Latin Ophidia (the snakes), from Greek ophis "snake"
oppidan	n.	an inhabitant of a town, as opposed to the country or a college; a townsperson	from Latin oppidanus, from oppidum "town"
oppilate	v.	to block up or obstruct (archaic)	from Latin oppilare "to stop up"
oppugn	v.	to oppose or fight against; especially, to call into question the truth of something	from Latin oppugnare "to attack", from ob- "against" + pugnare "to fight"
opsimath	n.	a person who begins to learn or study late in life	from Greek opsimathēs "late in learning", from opse "late" + manthanein "to learn"
orgulous	adj.	proud or haughty (archaic)	from Anglo-French orguillus, from orgoil "pride", of Germanic origin
oriflamme	n.	a banner, principle or ideal that serves as a rallying point in a struggle	from Old French oriflambe, perhaps from Medieval Latin aurea flamma "golden flame"
orison	n.	a prayer (archaic)	from Anglo-French oreison, from Late Latin oratio "prayer", from Latin orare "to speak, pray"
orthoepy	n.	the study of the correct pronunciation of words	from Greek orthoepeia "correct diction", from orthos "right" + epos "word"
oscitancy	n.	drowsiness shown by yawning; hence, dullness or negligence	from Latin oscitare "to yawn"
ossifrage	n.	the lammergeier, or bearded vulture; in older use, also the osprey	from Latin ossifraga "bone-breaker", from os "bone" + frangere "to break"
oubliette	n.	a secret dungeon reached only through a trapdoor in its ceiling	from French oubliette, from oublier "to forget"
outrecuidance	n.	excessive self-confidence; arrogant presumption (archaic)	from French, from outrecuider "to presume", from outre "beyond" + cuider "to think"
outwith	prep.	outside of; beyond the limits of (Scottish)	from Scots, from out + with
overmorrow	adv.	on the day after tomorrow (archaic)	from over + morrow
overslaugh	v.	to pass over someone for promotion or appointment in favor of another	from Dutch overslaan "to skip over, omit"
oxter	n.	the armpit (chiefly Scottish and Northern English)	from Old English ōxta "armpit"
oxymel	n.	a medicinal syrup of honey and vinegar	from Greek oxymeli, from oxys "sour" + meli "honey"
abligurition	n.	extravagant spending on food and drink (archaic)	from Latin abligurrire "to squander in feasting"
absterge	v.	to wipe clean or purge (archaic)	from Latin abstergere "to wipe off"
adhibit	v.	to let in or admit, as a person or thing (rare)	from Latin adhibere "to bring to", from ad- + habere "to have"
agrypnia	n.	inability to sleep; sleeplessness	from Greek agrypnia "sleeplessness"
alembicated	adj.	overly refined or intricate, especially in literary style	from alembic "distilling apparatus", via Medieval Latin from Arabic al-anbīq
allonym	n.	the name of another person, taken by an author as a pen name	via French from Greek allos "other" + onyma "name"
anele	v.	to anoint with oil, especially as part of the last rites (archaic)	from Middle English anelen, from an- "on" + elen "to anoint", from Old English ele "oil"
apopemptic	adj.	spoken or sung to someone departing; valedictory	from Greek apopemptikos, from apopempein "to send away"
argute	adj.	sharp-witted; shrewd	from Latin argutus "clear, sharp", from arguere "to make clear"
asperse	v.	to spread false and damaging charges against; to slander	from Latin aspersus, past participle of aspergere "to sprinkle"
athanor	n.	an alchemist's self-feeding furnace, kept at a steady heat for long periods	via Medieval Latin from Arabic al-tannūr "the oven"
atrament	n.	ink, or any black fluid such as that of a cuttlefish (archaic)	from Latin atramentum "ink", from ater "black"
balbutient	adj.	stammering; speaking haltingly (rare)	from Latin balbutire "to stammer"
balneal	adj.	relating to baths or bathing	from Latin balneum "bath"
baragouin	n.	unintelligible language; gibberish	from French, of uncertain origin
barathrum	n.	an abyss or bottomless pit (archaic)	via Latin from Greek barathron "pit, gulf"
boreen	n.	a narrow country lane in Ireland	from Irish bóithrín, diminutive of bóthar "road"
brannigan	n.	a noisy quarrel or brawl, often a drunken one	perhaps from the surname Brannigan
burgoo	n.	a thick, spicy stew of meat and vegetables, traditional in Kentucky	origin unknown
dactylonomy	n.	the art of counting on the fingers	from Greek daktylos "finger" + -nomy (from nomos "law")
debellate	v.	to conquer or subdue in war (archaic)	from Latin debellare "to vanquish"
decollate	v.	to behead	from Latin decollare, from de- + collum "neck"
dedition	n.	surrender, as of a town or army (archaic)	from Latin deditio "surrender", from dedere "to give up"
deturpate	v.	to disfigure or defile (archaic)	from Latin deturpare, from turpis "ugly"
diaskeuast	n.	a reviser or editor, especially one who interpolates ancient texts	from Greek diaskeuastēs "reviser", from diaskeuazein "to make ready"
didapper	n.	the little grebe or dabchick, a small diving bird	from Middle English dydoppar, shortened from dive-dapper; compare Old English dūfedoppa
doryphore	n.	a persistent, pedantic critic who delights in pointing out petty errors	via French from Greek doryphoros "spear-bearer"
dulcarnon	n.	a dilemma; a state of perplexity (archaic)	via Medieval Latin from Arabic dhū al-qarnayn "two-horned"
dumose	adj.	bushy; covered with shrubs	from Latin dumosus, from dumus "bramble"
edacious	adj.	voracious; devouring	from Latin edax "gluttonous", from edere "to eat"
engastrimyth	n.	a ventriloquist (archaic)	from Greek engastrimythos, from en "in" + gastēr "belly" + mythos "speech"
ennead	n.	a group or set of nine	from Greek enneas "group of nine", from ennea "nine"
ensiform	adj.	sword-shaped, as some leaves	from Latin ensis "sword" + -form
epeolatry	n.	the worship of words	from Greek epos "word" + latreia "worship"
equipollent	adj.	equal in force, power or significance	from Latin aequipollens, from aequi- "equal" + pollere "to be strong"
erumpent	adj.	bursting forth, as fungal growths breaking through a surface	from Latin erumpere "to break out"
eutrapely	n.	ready wit; pleasant, easy conversation (archaic)	from Greek eutrapelia "wit", from eutrapelos "nimble-witted"
evitate	v.	to avoid (archaic)	from Latin evitare "to avoid"
exsiccate	v.	to dry up; to remove moisture from	from Latin exsiccare, from siccus "dry"
farraginous	adj.	formed of various materials; mixed or jumbled together	from Latin farrago "mixed fodder, medley"
fleam	n.	a lancet formerly used for bloodletting, especially of horses	from Middle English fleme, ultimately from Greek phlebotomon "lancet"
floccillation	n.	aimless picking at the bedclothes by a delirious or feverish patient	from Latin floccus "tuft of wool"
fopdoodle	n.	a fool; an insignificant, foolish fellow (archaic)	from fop + doodle "a simpleton"
foudroyant	adj.	dazzling or stunning, as if striking like a thunderbolt	from French foudroyer "to strike with lightning", from foudre "lightning"
frampold	adj.	peevish, sour-tempered or quarrelsome (archaic)	origin unknown
frowst	n.	a hot, stuffy and stale atmosphere in a room (British)	back-formation from frowsty "stale, musty"
gallowglass	n.	a heavily armed mercenary soldier of medieval Ireland or Scotland	from Irish gallóglach, from gall "foreigner" + óglach "young warrior"
genethliac	adj.	relating to birthdays, or to the positions of the stars at a person's birth	from Greek genethliakos "of a birthday", from genethlē "birth"
gowpen	n.	as much as can be held in two hands cupped together (Scottish)	of Scandinavian origin; akin to Old Norse gaupn "hollow of the hand"
gralloch	v.	to disembowel a deer that has been shot	from Scottish Gaelic grealach "entrails"
gride	v.	to cut or scrape with a harsh grating sound	from Middle English, alteration of girden "to strike"
grue	v.	to shudder or shiver with fear or horror (Scottish)	from Middle English gruen, of Scandinavian origin
guttle	v.	to eat greedily and noisily; to gobble	from gut, perhaps on the model of guzzle
halieutic	adj.	of or relating to fishing or the art of angling	from Greek halieutikos, from halieus "fisherman"
hamesucken	n.	the crime of assaulting a person in his or her own house (Scots law)	from Old English hāmsōcn, from hām "home" + sōcn "attack"
howff	n.	a favorite haunt or meeting place, especially a pub (Scottish)	probably from Dutch hof "enclosure, courtyard"
hwyl	n.	emotional fervor, especially the stirring eloquence of Welsh preaching or recitation	from Welsh
hypaethral	adj.	open to the sky; having no roof, as some ancient temples	from Greek hypaithros "open-air", from hypo "under" + aithēr "sky"
illaqueate	v.	to ensnare or entangle, as in a noose (archaic)	from Latin illaqueare "to ensnare", from laqueus "noose"
impetrate	v.	to obtain by request or entreaty	from Latin impetrare "to accomplish, obtain by asking"
inanition	n.	exhaustion or weakness resulting from lack of nourishment	from Late Latin inanitio "emptiness", from Latin inanis "empty"
inosculate	v.	to join or blend intimately, as blood vessels that connect by openings	from Latin in- + osculare "to provide with a mouth", from osculum "little mouth"
invultuation	n.	the making of a wax image of a person in order to harm them by witchcraft	from Latin vultus "face, likeness"
jactation	n.	boasting or bragging; a vainglorious display of oneself	from Latin jactatio "boasting", from jactare "to throw, to boast"
jannock	adj.	fair, honest and straightforward; genuine (British dialect)	origin unknown
jeofail	n.	an oversight or mistake in legal pleading	from Anglo-French jeo faile "I fail"
jugulate	v.	to halt the course of something, as a disease, by drastic measures	from Latin jugulare "to cut the throat", from jugulum "throat"
kelpie	n.	a malevolent water spirit of Scottish folklore, usually in the form of a horse	perhaps from Scottish Gaelic cailpeach "colt"
kinnikinnick	n.	a mixture of dried leaves and bark smoked by some Native American peoples	from Unami (Delaware), literally "admixture"
kobold	n.	a mischievous household goblin or mine spirit of German folklore	from German Kobold
lampadedromy	n.	an ancient Greek relay race in which runners passed a lighted torch	from Greek lampadēdromia, from lampas "torch" + dromos "race"
laodicean	adj.	lukewarm or indifferent, especially in religion or politics	from Laodicea, whose church is rebuked as lukewarm in the book of Revelation
latrant	adj.	barking; hence, snarling or harshly critical	from Latin latrans, present participle of latrare "to bark"
logodaedaly	n.	verbal legerdemain; cunning or capricious play with words	from Greek logodaidalia, from logos "word" + daidalos "cunningly wrought"
longueur	n.	a tedious or dull passage in a book, play or piece of music	from French longueur "length"
luculent	adj.	clear in thought or expression; lucid	from Latin luculentus "bright", from lux "light"
mammothrept	n.	a spoiled child; figuratively, a person of immature judgment (archaic)	from Latin mammothreptus, from Greek mammothreptos "raised by a grandmother"
marmoreal	adj.	resembling marble or a marble statue, as in being cold, smooth or white	from Latin marmoreus "of marble", from marmor "marble"
metic	n.	a resident alien in an ancient Greek city, having some civic privileges	from Greek metoikos "immigrant", from oikos "house"
mooncalf	n.	a foolish or absent-minded person; a dolt	from moon + calf
morigerous	adj.	obedient; obsequiously compliant (archaic)	from Latin morigerus "compliant", from mos "custom, humor" + gerere "to bear"
mulct	v.	to extract money from someone by a fine, tax or fraud	from Latin multa "a fine"
mumchance	adj.	silent and tongue-tied; keeping mute (archaic)	from obsolete mumchance, a dice game, of Low German origin
napery	n.	household linen, especially table linen	from Old French naperie, from nape "tablecloth", from Latin mappa "napkin"
noctivagant	adj.	wandering or roaming about at night	from Latin noctivagus, from nox "night" + vagari "to wander"
nosism	n.	the use of "we" when referring to oneself; the royal or editorial we	from Latin nos "we"
nugacity	n.	triviality or futility; a trifling matter or idea	from Late Latin nugacitas, from Latin nugax "trifling"
nuncle	n.	an uncle; used as a familiar form of address (archaic or dialect)	from mine uncle, misdivided as my nuncle
obreption	n.	the obtaining of something, as a dispensation, by false statement (law)	from Latin obreptio "a creeping up", from obrepere "to creep up on"
obtest	v.	to call upon in solemn appeal; to beseech or supplicate	from Latin obtestari "to call to witness", from testis "witness"
obumbrate	v.	to overshadow or darken (archaic)	from Latin obumbrare, from umbra "shadow"
olid	adj.	having a strong, offensive smell; fetid	from Latin olidus, from olere "to smell"
orectic	adj.	relating to desire or appetite	from Greek orektikos, from oregein "to reach for, desire"
ort	n.	a scrap of food left over from a meal	from Middle English; akin to Low German ort "leftover food"
overcrow	v.	to exult or triumph over; to overpower (archaic)	from over + crow "to boast, exult"
parbuckle	v.	to raise or lower (a cask, log or ship) by a doubled rope passed under it, the ends hauled from above	origin unknown
patibulary	adj.	of or suggesting the gallows; having the look of someone fit to be hanged	from Latin patibulum "gallows"
podsnappery	n.	smug, complacent refusal to acknowledge anything unpleasant or unfamiliar	from Mr. Podsnap, a smug character in Dickens's Our Mutual Friend
pogonip	n.	a dense winter fog of frozen ice particles in the mountain valleys of the western US	from Shoshone
preconize	v.	to proclaim or commend publicly; to extol	from Medieval Latin praeconizare, from Latin praeco "herald"
pretermit	v.	to let pass without notice or mention; to leave undone or neglect	from Latin praetermittere, from praeter "past" + mittere "to let go, send"
prevenient	adj.	coming before; anticipatory, as grace that precedes human will in theology	from Latin praevenire "to come before", from prae "before" + venire "to come"
purfle	v.	to decorate the edge or border of, as with embroidery or inlaid work	from Old French porfiler, from por- + filer "to spin", from Latin filum "thread"
pyknic	adj.	having a short, thickset, rounded build, a body type in Kretschmer's classification	from Greek puknos "thick, dense"
quadrumanous	adj.	having all four feet adapted for use as hands, as most primates other than humans	from New Latin Quadrumana, from Latin quadri- "four" + manus "hand"
quaquaversal	adj.	dipping or sloping outward in all directions from a center, as the strata of a dome	from Late Latin quaquaversus, from quaqua "wherever" + versus "toward"
quidam	n.	a certain person; someone whose name is not known or not given	from Latin quidam "a certain person, someone"
quinsy	n.	a painful abscess beside a tonsil, with swelling of the throat	via Anglo-French and Latin from Greek kunankhē, from kuōn "dog" + ankhein "to strangle"
quirt	n.	a riding whip with a short handle and a lash of braided rawhide	probably from Mexican Spanish cuarta
rapparee	n.	an Irish irregular soldier or freebooter of the 17th century; hence any bandit	from Irish rapaire, perhaps "short pike"
ravelin	n.	an outwork of a fortification with two faces meeting in a salient angle beyond the main ditch	from French, from obsolete Italian ravellino
redargue	v.	to disprove or refute (an argument or person); to confute (archaic)	from Latin redarguere "to refute", from red- "back" + arguere "to prove, accuse"
remuda	n.	the herd of spare saddle horses from which ranch hands choose their mounts for the day	from American Spanish remuda, from Spanish remudar "to exchange"
rorid	adj.	wet with dew, or resembling dew; dewy (archaic)	from Latin roridus, from ros "dew"
runagate	n.	a runaway or fugitive; a vagabond or deserter (archaic)	alteration of renegate "renegade", influenced by run + agate "away"
sastruga	n.	a ridge of hard snow carved by the wind, running parallel to its direction, on a polar plain	via German from Russian zastruga
seisin	n.	legal possession of land as a freehold estate	from Old French seisine, from seisir "to seize"
sericeous	adj.	silky; covered with fine, soft, closely pressed hairs, as some leaves are	from Late Latin sericeus "silken", from sericum "silk"
shako	n.	a stiff, cylindrical military dress hat with a peak and a plume or pompom	via French from Hungarian csákó
shaveling	n.	a contemptuous name for a tonsured monk or priest (archaic)	from shave + -ling
shrievalty	n.	the office, term or jurisdiction of a sheriff	from shrieve, an archaic form of sheriff, + -alty (as in mayoralty)
sibilate	v.	to hiss; to pronounce or utter with a hissing sound	from Latin sibilare "to hiss"
sinciput	n.	the forehead; the front upper part of the head or skull	from Latin sinciput "half a head", from semi- "half" + caput "head"
sistrum	n.	an ancient Egyptian rattle of metal rods loosely set in a frame, shaken in the worship of Isis	via Latin from Greek seistron, from seiein "to shake"
skirr	v.	to move, run or fly rapidly; to leave in haste	origin uncertain; perhaps related to scour
sleeveen	n.	a sly, smooth-talking, untrustworthy person (Irish and Newfoundland English)	from Irish slíbhín
soothfast	adj.	truthful, honest and loyal (archaic)	from Old English sōthfæst, from sōth "truth" + fæst "firm"
sororal	adj.	of, like or befitting a sister; sisterly	from Latin soror "sister"
sparge	v.	to sprinkle or spray; in brewing, to rinse the mashed grain with hot water	from Middle French espargier, from Latin spargere "to scatter, sprinkle"
spumescent	adj.	foamy; resembling or producing froth	from Latin spumescere "to grow foamy", from spuma "foam"
strappado	n.	a torture in which the victim is hoisted by a rope tied to the wrists behind the back, then dropped	alteration of Italian strappata, from strappare "to pull, tug"
subsultory	adj.	moving by sudden leaps or starts; bounding or twitching	from Latin subsultus, from subsilire "to leap up"
succuss	v.	to shake violently, especially a patient's body to detect fluid in a cavity	from Latin succussus, past participle of succutere "to toss up"
suffumigate	v.	to fumigate from below; to expose to fumes or smoke rising from beneath	from Latin suffumigare, from sub- "from below" + fumigare "to smoke"
sulcate	adj.	marked with long, narrow grooves or furrows, as some stems or shells	from Latin sulcatus "furrowed", from sulcus "furrow"
tantara	n.	a fanfare or flourish on a trumpet or horn; a blare	from Latin taratantara, imitative of the sound of a trumpet
temulent	adj.	drunken; intoxicated, or given to drink (literary)	from Latin temulentus "drunken"
tintamarre	n.	a confused, clamorous noise; a din or hubbub	from French tintamarre, of uncertain origin
titubation	n.	a staggering or stumbling gait, as from a disorder of the nervous system	from Latin titubatio, from titubare "to stagger, totter"
tralatitious	adj.	metaphorical; figurative	from Latin tralaticius, from tralatus "transferred"
tripudiate	v.	to dance or leap for joy; to exult	from Latin tripudiare, from tripudium "a solemn religious dance"
ultroneous	adj.	spontaneous or voluntary; offered without being asked, as testimony	from Latin ultroneus, from ultro "of one's own accord"
unthrift	n.	a spendthrift; one who wastes money or goods (archaic)	from Middle English, from un- + thrift
urticate	v.	to sting or prick, as a nettle does	from Medieval Latin urticare, from Latin urtica "nettle"
vagitus	n.	the first cry of a newborn infant	from Latin vagitus "crying, wailing", from vagire "to wail"
vapulate	v.	to beat or flog, especially as a punishment; to thrash (archaic)	from Latin vapulare "to be beaten"
velitation	n.	a slight skirmish; hence a minor dispute or wrangle	from Latin velitatio, from velitari "to skirmish", from veles "light-armed soldier"
verecund	adj.	bashful, shy or modest in manner or bearing	from Latin verecundus, from vereri "to feel awe, respect"
wanhope	n.	hopelessness or despair (archaic)	from Middle English wanhope, from wan- "lacking" + hope
whigmaleerie	n.	a whim or fanciful notion; also a fanciful ornament or contraption (Scottish)	origin unknown
worricow	n.	a hobgoblin or bugbear; a frightful-looking creature (Scottish)	from Scots worry + cow "hobgoblin"
xerophagy	n.	a strict fast on dry food only, observed especially in Lent in the Eastern Church	from Greek xērophagia, from xēros "dry" + phagein "to eat"
yardang	n.	a long, sharp-crested ridge carved by wind erosion in a desert, between parallel troughs	from Turkic yardang, from yar "steep bank, cliff"
yex	v.	to hiccup; to have a fit of hiccups (chiefly dialect)	from Old English geocsian "to sob"
zamindar	n.	a landholder in colonial India who collected rent from tenants and paid revenue to the state	via Hindi and Urdu from Persian zamīndār, from zamīn "land" + -dār "holder"
cabotage	n.	the carrying of goods or passengers between points within one country, often reserved to its own carriers	from French, from caboter "to sail along the coast"
calumet	n.	a ceremonial tobacco pipe of North American Indigenous peoples; a peace pipe	from Canadian French, ultimately from Latin calamus "reed"
camisado	n.	a surprise attack made at night (archaic)	from obsolete Spanish camisada, from camisa "shirt"
canicular	adj.	relating to the dog days of summer or to Sirius, the Dog Star	from Latin canicularis, from canicula "Dog Star", diminutive of canis "dog"
captation	n.	an attempt to win favor or approval by flattery (archaic)	from Latin captatio, from captare "to try to catch"
carceral	adj.	relating to prisons or imprisonment	from Late Latin carceralis, from carcer "prison"
cenacle	n.	a small circle or coterie, as of writers or thinkers	via French from Latin cenaculum "dining room", from cena "dinner"
charientism	n.	an insult disguised as a pleasantry or compliment (obsolete)	via Latin from Greek charientismos, from charieis "graceful"
chirk	v.	to cheer up or become cheerful (usually with "up")	from Middle English chirken "to chirp, creak"
claudicant	adj.	limping; lame (obsolete)	from Latin claudicare "to limp"
clinamen	n.	a slight, unpredictable swerve of atoms in Epicurean physics; hence, any small deviation	from Latin clinamen "inclination", from clinare "to bend"
clinquant	adj.	glittering with gold or tinsel; showy	from French clinquant, present participle of obsolete clinquer "to clink"
colligate	v.	to bind or group together; especially, to bring isolated facts under one general principle	from Latin colligare "to bind together"
compurgation	n.	a former legal practice of clearing an accused person by the sworn support of others	from Latin compurgare "to purify completely"
conglutinate	v.	to glue or stick together	from Latin conglutinare, from gluten "glue"
contemn	v.	to regard or treat with contempt; to scorn	from Latin contemnere "to despise"
cucullate	adj.	shaped like a hood; hooded	from Late Latin cucullatus, from cucullus "hood"
cunctator	n.	a delayer; one who procrastinates	from Latin cunctator "delayer", from cunctari "to delay"
abattis	n.	a defensive barrier of felled trees with their sharpened branches pointed toward the enemy	from French abattis, from abattre "to fell"
aegrotat	n.	a certificate that a student was too ill to sit an exam, or a degree awarded on that basis (British)	from Latin aegrotat "he is sick"
alameda	n.	a public promenade or walk shaded by trees	from Spanish alameda, from álamo "poplar"
antinomian	n.	a person who holds that Christians are freed by grace from any obligation to obey the moral law	via Medieval Latin from Greek anti "against" + nomos "law"
aphesis	n.	the loss of a short unstressed vowel at the start of a word, as in "squire" from "esquire"	from Greek aphesis "a letting go", from aphienai "to let go"
aristarch	n.	a severe, exacting critic, especially of literary work	after Aristarchus of Samothrace (2nd century BC), a strict critic of Homer's text
arriviste	n.	a person who has newly gained wealth or status, especially through ruthless ambition; an upstart	from French arriviste, from arriver "to arrive, succeed"
autarky	n.	economic self-sufficiency, especially as a national policy of doing without imports	from Greek autarkeia "self-sufficiency", from autos "self" + arkein "to suffice"
backfisch	n.	a girl in her early or middle teens; a teenage girl	from German Backfisch, literally "fish for frying"
bandersnatch	n.	an imaginary wild creature of fierce disposition, from Lewis Carroll's nonsense verse	coined by Lewis Carroll in Through the Looking-Glass (1871)
bandog	n.	a large, fierce dog such as a mastiff, kept chained as a guard (archaic)	from Middle English band-dogge, from band "bond, chain" + dogge "dog"
bawbee	n.	a former Scottish coin of small value, worth six pennies Scots; also a halfpenny	probably named after the laird of Sillebawby, a 16th-century Scottish mint master
bilbo	n.	a sword, especially a finely tempered Spanish one (archaic)	from Bilbao, Spain, noted for its sword blades
blague	n.	pretentious nonsense or humbug; boastful, mocking talk	from French blague, of uncertain origin
bodkin	n.	a blunt, thick needle with a large eye, used to draw tape or ribbon through a hem	from Middle English boidekin, of uncertain origin
breviloquence	n.	brevity of speech; the art of saying things in few words	from Latin breviloquentia, from brevis "short" + loqui "to speak"
cacique	n.	an Indigenous chief in the Caribbean or elsewhere in Spanish America (historical)	from Spanish, from Taino (an Arawakan language) cacique "chief"
calash	n.	a light, low-wheeled carriage with a folding hood	from French calèche, from German Kalesche, of Slavic origin
cannikin	n.	a small can or drinking cup (archaic)	from Middle Dutch kanneken, diminutive of kanne "can"
cantle	n.	the raised, curved back part of a saddle, behind the rider	from Anglo-French cantel "corner, piece", from Medieval Latin cantellus
caryatid	n.	a carved figure of a draped woman used as a column to support a roof or entablature	via Latin from Greek karyatides, priestesses of Artemis at Karyai in Laconia
cavesson	n.	a padded noseband with rings for a lunge rein, used in training horses	from French caveçon, from Italian cavezzone, from cavezza "halter"
chatelaine	n.	the mistress of a castle or of a large, fashionable household	from French châtelaine, feminine of châtelain "castle keeper", from Latin castellanus
cheval-de-frise	n.	a portable barrier of spikes or sharpened stakes projecting from a timber, used against cavalry	from French, literally "horse of Friesland"
chrism	n.	consecrated oil mixed with balm, used for anointing in some Christian sacraments	from Old English crisma, via Latin from Greek khrisma "anointing"
cincture	n.	a belt or girdle, especially a cord worn around the waist over an alb or cassock	from Latin cinctura, from cingere "to gird"
cithern	n.	a flat-backed Renaissance instrument like a lute, with wire strings played with a plectrum	a variant of cittern, perhaps a blend of Latin cithara and gittern
claque	n.	a group of people hired to applaud a performer; hence, any band of fawning admirers	from French claque, from claquer "to clap"
clishmaclaver	n.	idle talk or gossip; foolish chatter (Scottish)	perhaps from Scots clish-clash "idle talk" + claver "gossip"
cloture	n.	a legislative procedure for ending debate and bringing a question to an immediate vote	from French clôture "closure", from Late Latin clausura
cockchafer	n.	a large European beetle whose larvae feed on plant roots; the May bug	from cock + chafer "beetle", from Old English ceafor
coffle	n.	a line of enslaved people or animals fastened together, as when being driven to market	from Arabic qāfila "caravan"
collop	n.	a small slice of meat; an escalope (chiefly dialect)	from Middle English colop, probably of Scandinavian origin
comity	n.	courtesy and mutual respect, especially between nations in recognizing each other's laws	from Latin comitas "courteousness", from comis "courteous"
coracle	n.	a small round boat of wickerwork covered with hide or tarred cloth, used in Wales and Ireland	from Welsh corwgl
curtal	adj.	having a docked tail; hence, cut short or curtailed (archaic)	from Middle French courtault, from court "short", from Latin curtus
deadfall	n.	a trap in which a heavy weight, such as a log, falls on and kills or disables an animal	from dead + fall
debag	v.	to pull the trousers off someone as a prank or punishment (British slang)	from de- + bags "trousers"
decuman	adj.	(of a wave) exceptionally large or powerful	from Latin decumanus "of the tenth", every tenth wave being thought the largest
demijohn	n.	a large bottle with a short narrow neck, often encased in wicker	by folk etymology from French dame-jeanne, literally "Lady Jane"
diapason	n.	a principal stop of a pipe organ, extending through the instrument's whole compass	via Latin from Greek dia pasōn "through all (the strings)", the octave
dimity	n.	a sheer, crisp cotton fabric woven with raised stripes or checks	from Medieval Latin dimitum, from Greek dimitos "of double thread"
dittany	n.	an aromatic Cretan herb of the mint family, anciently prized for healing wounds	via Old French and Latin from Greek diktamnon
dorp	n.	a village or small country town, especially in South Africa	from Dutch dorp "village"
dowsabel	n.	a sweetheart or ladylove (obsolete)	from the name Dowsabel, from Dulcibella (Latin dulcis "sweet" + bella "beautiful")
drammock	n.	a mixture of raw oatmeal and cold water (Scottish)	probably of Scottish Gaelic origin
duodecimo	n.	a book size in which each sheet is folded into twelve leaves; a book of that size	from Latin (in) duodecimo "in a twelfth", from duodecimus "twelfth"
durbar	n.	a public reception or court held by an Indian prince or by a British governor in India	from Hindi and Urdu darbār "court", from Persian
dwale	n.	deadly nightshade, a poisonous plant once used to make a stupefying drink (archaic)	from Middle English, probably of Scandinavian origin; compare Danish dvale "stupor"
dwine	v.	to waste away or dwindle; to pine or fade (chiefly Scottish)	from Old English dwīnan "to waste away"
dyvour	n.	a bankrupt; a debtor unable to pay what is owed (Scots, archaic)	of uncertain origin; perhaps from French devoir "to owe"
encaustic	n.	a painting technique using pigments mixed with hot wax, fused to the surface by heat	via Latin from Greek enkaustikos, from enkaiein "to burn in"
eucatastrophe	n.	a sudden, joyous turn of events in a story that averts an impending disaster	coined by J. R. R. Tolkien from Greek eu "good" + catastrophe
euphroe	n.	a long wooden block with holes through which the lines of a crowfoot are rove to hold up an awning (nautical)	from Dutch juffrouw, literally "young woman"
exsanguine	adj.	drained of blood; bloodless, pale or anemic	from Latin exsanguis "bloodless", from ex- "without" + sanguis "blood"
extramundane	adj.	existing or situated outside the physical world or the universe	from Late Latin extramundanus, from Latin extra "outside" + mundus "world"
fanion	n.	a small flag, especially one used by soldiers or surveyors to mark positions	from French fanion, of Germanic origin
feist	n.	a small, lively mongrel dog; a cur (chiefly Southern US)	shortened from an obsolete contemptuous name for a lapdog
filipendulous	adj.	hanging by or suspended from a thread	from Latin filum "thread" + pendulus "hanging"
flocculent	adj.	resembling tufts of wool; loose, fluffy and woolly in texture	from Latin flocculus "small tuft", diminutive of floccus "tuft of wool"
fribble	n.	a frivolous person who fusses over trifles	origin uncertain; perhaps imitative
froideur	n.	coolness or reserve between people; a chilly aloofness of manner	from French froideur "coldness", from froid "cold"
fructuous	adj.	yielding fruit or results; fruitful or productive	from Latin fructuosus, from fructus "fruit"
furfuraceous	adj.	covered with fine scales like bran; flaky or scurfy	from Late Latin furfuraceus, from Latin furfur "bran"
gallipot	n.	a small glazed earthenware pot, formerly used by apothecaries for ointments and medicines	probably from galley + pot, such pots being shipped in galleys
gleek	v.	to make a jest; to joke, gibe or scoff (archaic)	origin unknown
gravid	adj.	carrying eggs or young; pregnant	from Latin gravidus "pregnant", from gravis "heavy"
gubbins	n.	miscellaneous bits and pieces; gadgetry or paraphernalia (British informal)	origin uncertain; perhaps related to gobbet
gulosity	n.	gluttony; excessive greed for food and drink	from Late Latin gulositas, from Latin gulosus "gluttonous", from gula "throat"
hamartia	n.	the fatal flaw or error of judgment that brings about a tragic hero's downfall	from Greek hamartia "error, fault", from hamartanein "to miss the mark, err"
hanaper	n.	a wicker case or basket, especially one formerly used for keeping documents	from Anglo-French hanaper "case for a goblet", from hanap "goblet", of Germanic origin
heliotrope	n.	a garden plant with clusters of small, fragrant purple or white flowers	from Greek hēliotropion, from hēlios "sun" + trepein "to turn"
ignescent	adj.	giving off sparks when struck, as flint does	from Latin ignescere "to burst into flame", from ignis "fire"
inkle	n.	a colored linen tape or braid woven on a narrow loom	origin unknown
innominate	adj.	having no name; unnamed or anonymous	from Late Latin innominatus, from in- "not" + nominatus "named"
intaglio	n.	a figure or design incised below the surface of a gem or other hard material	from Italian, from intagliare "to engrave", from tagliare "to cut"
invigilate	v.	to supervise candidates during an examination (chiefly British)	from Latin invigilare "to watch over", from vigilare "to keep watch"
irrupt	v.	to burst or rush in forcibly or violently	from Latin irrumpere "to break in", from in- + rumpere "to break"
isonomy	n.	equality of political rights for all citizens under the law	from Greek isonomia, from isos "equal" + nomos "law"
khamsin	n.	a hot, dry, dusty wind that blows over Egypt from the Sahara in spring	from Arabic khamsīn, literally "fifty", for the days it is said to blow
kilderkin	n.	a small cask holding half a barrel, about 16 to 18 gallons	from Middle Dutch kindekijn
lancinate	v.	to pierce or stab; to tear or lacerate (rare)	from Latin lancinare "to tear to pieces"
latitudinarian	adj.	tolerant of wide variation in opinion, especially in religious belief	from Latin latitudo "breadth" + -arian
lavaliere	n.	an ornamental pendant worn on a fine chain around the neck	from French lavallière, a kind of necktie, after the Duchesse de La Vallière
lecanomancy	n.	divination by inspecting water in a basin, often after dropping objects into it	from Greek lekanē "dish, basin" + manteia "divination"
loggia	n.	a roofed gallery open to the air on one or more sides, often arcaded	from Italian, from Old French loge "lodge, hut"
lubber	n.	a big, clumsy, awkward person; an oaf	from Middle English lobre; origin uncertain
maculate	adj.	marked with spots; blotched or stained	from Latin maculatus, past participle of maculare "to spot", from macula "spot"
manqué	adj.	having failed to become what one might have been (placed after its noun)	from French, past participle of manquer "to lack, fail"
meliorism	n.	the belief that the world can be made better by human effort	from Latin melior "better" + -ism
metempsychosis	n.	the passing of the soul at death into another body; transmigration	from Greek metempsukhōsis, from meta- + en "in" + psukhē "soul"
mullock	n.	waste rock or earth left from mining, especially gold mining (chiefly Australian)	from Middle English mullok, from mul "dust, rubbish"
muniment	n.	a document, such as a title deed or charter, kept as evidence of rights	from Latin munimentum "defense, fortification", from munire "to fortify"
murrey	n.	a dark purplish-red, the color of mulberries	via Old French from Latin morum "mulberry"
mutchkin	n.	a former Scottish unit of liquid measure, about three-quarters of an imperial pint	from Middle Dutch, a diminutive of mudde, a measure of capacity
nocent	adj.	causing harm or injury; harmful	from Latin nocens, nocent-, present participle of nocere "to harm"
oblation	n.	a thing presented or offered to God or a god; a religious offering	from Late Latin oblatio, from Latin offerre (past participle oblatus) "to offer"
obtruncate	v.	to cut off the head or top of; to lop	from Latin obtruncare "to cut down", from truncare "to cut off"
officinal	adj.	(of a medicinal plant or drug) sold or kept in stock by apothecaries	from Medieval Latin officinalis, from Latin officina "workshop, storeroom"
oik	n.	a boorish or ignorant person, often one seen as low-class (British informal)	origin unknown
olla podrida	n.	a highly seasoned Spanish stew of various meats and vegetables	from Spanish, literally "rotten pot"
opodeldoc	n.	a liniment of soap and camphor dissolved in alcohol, formerly used for sprains	from New Latin opodeltoch, probably coined by Paracelsus
percontation	n.	an act of questioning; an inquiry (obsolete)	from Latin percontatio, from percontari "to question closely, inquire"
perfervid	adj.	extremely fervent or impassioned; ardent to excess	from New Latin perfervidus, from Latin per- "thoroughly" + fervidus "glowing, fervid"
perruquier	n.	a maker or dresser of wigs; a wigmaker	from French perruquier, from perruque "wig"
philosophaster	n.	a shallow or pretended philosopher; a dabbler in philosophy	from Latin philosophus "philosopher" + the pejorative suffix -aster
planish	v.	to flatten or smooth metal by light hammering or rolling	from Old French planir (stem planiss-) "to smooth", from plain "flat", from Latin planus
plash	n.	a shallow pool or puddle; a marshy patch of standing water	from Old English plæsc "pool, puddle"
poniard	n.	a small dagger with a slim blade of triangular or square cross section	from French poignard, from poing "fist", from Latin pugnus "fist"
proditor	n.	a traitor; one who betrays a trust or a cause (archaic)	from Latin proditor "betrayer", from prodere "to betray"
pseudodox	n.	a false opinion or belief; an erroneous doctrine	from Greek pseudodoxos "holding a false opinion", from pseudo- "false" + doxa "opinion"
puckfist	n.	an empty braggart (archaic)	apparently from puck "mischievous sprite" + obsolete fist "a breaking of wind"
puissant	adj.	having great power or might; powerful (archaic or literary)	from Old French puissant "powerful", ultimately from Latin posse "to be able"
punctilio	n.	a fine point of etiquette or conduct, especially one observed with fussy precision	from Italian puntiglio and Spanish puntillo "small point", from Latin punctum
quaggy	adj.	soft and marshy, yielding underfoot like a bog	from quag "boggy ground" (origin uncertain) + -y
quietus	n.	release from life; death, or a finishing stroke that puts an end to something	from Medieval Latin quietus est "he is quit", a formula of discharge from a debt
quillet	n.	a subtle verbal distinction; a quibble (archaic)	origin uncertain; perhaps from Latin quidlibet "anything you please"
quop	v.	to throb or pulsate, as the heart or an inflamed sore does (dialect)	later form of Middle English quappen "to throb", of imitative origin
raddle	n.	red ochre, used especially for marking sheep	variant of ruddle, from obsolete rud "redness", from Old English rudu
recreant	adj.	cowardly and craven; also, disloyal to a cause or duty	from Old French recreant "yielding", from recroire "to surrender"
refulgent	adj.	shining brightly; radiant or resplendent	from Latin refulgere "to shine back", from re- "back" + fulgere "to shine"
remplissage	n.	padding or filler material in a literary or musical work	from French remplissage "filling", from remplir "to fill"
rencontre	n.	a hostile encounter between adversaries, such as a duel or skirmish	from French rencontre "encounter", from rencontrer "to meet"
sardoodledom	n.	mechanically contrived plotting and stagy melodrama, as in formula-built well-made plays	coined by G. B. Shaw in 1895 from Victorien Sardou, French dramatist, + doodle + -dom
scarify	v.	to make a series of small cuts or scratches in the skin, as for vaccination	via French from Late Latin scarificare, from Greek skariphasthai "to scratch an outline"
scaturient	adj.	gushing out or overflowing, as a spring does (rare)	from Latin scaturient-, from scaturire "to gush out"
scissile	adj.	capable of being cut or split easily and smoothly	from Latin scissilis, from scindere "to cut, split"
scolion	n.	in ancient Greece, a drinking song sung in turn by the guests at a banquet	from Greek skolion, perhaps from skolios "crooked"
scrutator	n.	a person who examines or scrutinizes something closely; an investigator	from Latin scrutator "searcher", from scrutari "to search, examine"
shabrack	n.	a saddlecloth, especially one used by European light cavalry	from German Schabracke, from Hungarian, perhaps of Turkish origin
simony	n.	the buying or selling of church offices, pardons or other spiritual things	from Late Latin simonia, from Simon Magus, who offered to buy spiritual power (Acts 8)
sinistral	adj.	of, relating to or inclined toward the left; left-handed	from Latin sinister "left" + -al
sloyd	n.	a Swedish system of manual training based on woodwork and other handicrafts	from Swedish slöjd "handicraft, manual skill"
smatchet	n.	a small, contemptible person; especially, an impudent or mischievous child (Scottish)	origin uncertain; perhaps from smatch "a slight trace" + diminutive -et
snash	n.	insolent, impertinent talk; abuse (Scottish)	origin uncertain; probably imitative
solivagant	adj.	wandering or roaming alone; solitary in one's travels	from Latin solivagus "wandering alone", from solus "alone" + vagari "to wander"
sophister	n.	an undergraduate in one of the later years of a degree course, as at Trinity College Dublin	via Old French sophistre from Latin sophista, from Greek sophistēs "expert, sophist"
spanghew	v.	to fling something violently into the air, especially a frog from the end of a stick (dialect)	from Scots spang "to spring, leap"; the second element is of obscure origin
spatchcock	v.	to split a bird open down the backbone and flatten it for grilling or roasting	origin uncertain; perhaps an alteration of spitchcock
stoor	n.	dust, especially dust flying or rising in a cloud (Scottish)	variant of stour "tumult", from Old French estour "armed combat", of Germanic origin
swingeing	adj.	severe or very large in amount, as a cut, fine or tax (chiefly British)	from swinge "to beat, flog", from Old English swengan "to shake"
tarantism	n.	a dancing mania once common in southern Italy, popularly blamed on the bite of a tarantula	from New Latin tarantismus, from Taranto, a city in southern Italy
temerarious	adj.	recklessly or presumptuously daring; rash	from Latin temerarius "rash", from temere "blindly, rashly"
tenebrous	adj.	dark and shadowy; shut off from the light	from Latin tenebrosus, from tenebrae "darkness"
theodicy	n.	a defense of God's goodness and justice in the face of the existence of evil	from French théodicée, coined by Leibniz (1710) from Greek theos "god" + dikē "justice"
tosspot	n.	a habitual drunkard; a toper or sot	from toss + pot
truckle	v.	to yield or submit obsequiously to someone more powerful	from truckle bed, a low bed on small wheels; ultimately from Latin trochlea "pulley"
tump	n.	a small mound or hillock, or a clump, as of grass (British dialect)	origin unknown
ultimogeniture	n.	a system of inheritance under which the youngest son succeeds to the estate	from Latin ultimus "last" + genitura "birth", on the model of primogeniture
ultramontane	adj.	favoring the absolute authority of the pope in matters of faith and church discipline	from Medieval Latin ultramontanus "beyond the mountains", that is, beyond the Alps
vellicate	v.	to twitch, or to cause a muscle or other part to twitch	from Latin vellicare "to pluck, twitch", from vellere "to pluck"
vespertilian	adj.	of, relating to or resembling a bat	from Latin vespertilio "bat", from vesper "evening"
vetust	adj.	very old or ancient; of long standing (rare)	from Latin vetustus "old, ancient", from vetus "old"
virescent	adj.	becoming green; tinged with green	from Latin virescent-, from virescere "to grow green", from virere "to be green"
visagiste	n.	an expert in facial make-up; a make-up artist	from French visagiste, from visage "face"
weltschmerz	n.	world-weariness; sentimental sadness over the imperfections of the world	from German Weltschmerz, from Welt "world" + Schmerz "pain"
wheen	n.	an indefinite number or quantity, whether a few or a good many (Scottish)	from Old English hwēne "somewhat", instrumental of hwōn "a little, few"
witenagemot	n.	the council of the Anglo-Saxon kings of England, made up of nobles, bishops and royal officials	from Old English witena gemōt "meeting of the wise", from wita "wise man"
xenagogue	n.	a guide who conducts strangers or visitors (obsolete)	from Greek xenagōgos, from xenos "stranger" + agōgos "leading, guide"
xylography	n.	the art of engraving on wood, or of printing from wood blocks	from Greek xylon "wood" + -graphia "writing"
accismus	n.	a feigned refusal of something one actually wants, as a show of modesty or coyness	from Latin, from Greek akkismos "coyness, affectation"
adiaphorous	adj.	morally neutral; neither commanded nor forbidden, as matters of indifference in religion	from Greek adiaphoros "indifferent", from a- "not" + diaphoros "different"
adust	adj.	scorched or burned, as by the sun; also, sallow and gloomy in temperament (archaic)	from Latin adustus, past participle of adurere "to scorch", from urere "to burn"
advowson	n.	in English law, the right of presenting a priest to a vacant church benefice	from Anglo-French avoeson, from Latin advocatio, from advocare "to call to one's aid"
agathokakological	adj.	made up of both good and evil (rare)	from Greek agathos "good" + kakos "bad" + -logical
aiguillette	n.	an ornamental braided cord with metal tips, worn looped from the shoulder of a uniform	from French aiguillette, diminutive of aiguille "needle"
alcaide	n.	the commander of a fortress, or the warden of a prison, in Spain, Portugal or North Africa	from Spanish alcaide, from Arabic al-qa'id "the commander"
alexipharmic	adj.	acting as or containing an antidote against poison	from Greek alexipharmakos, from alexein "to ward off" + pharmakon "drug, poison"
anagoge	n.	a mystical reading of scripture that finds a spiritual sense beyond the literal and moral	from Late Latin, from Greek anagōgē "a leading up", from anagein "to lead up"
archimandrite	n.	in Eastern Orthodox churches, the superior of a large monastery or group of monasteries	from Late Greek archimandritēs, from archi- "chief" + mandra "enclosure, monastery"
arctophile	n.	a person who loves or collects teddy bears	from Greek arktos "bear" + -phile "lover"
assart	n.	a piece of forest land cleared of trees and brush and brought under cultivation (historical)	from Anglo-French assart, from Late Latin exartum, ultimately from Latin sarire "to hoe, weed"
assentation	n.	ready and obsequious agreement with the opinions of others, especially as flattery	from Latin assentatio "flattery", from assentari "to agree with, flatter"
atheling	n.	an Anglo-Saxon prince or nobleman, especially the heir apparent to the throne	from Old English ætheling, from æthelu "nobility"
aumbry	n.	a recess or cupboard in the wall of a church, for sacred vessels, books or vestments	from Anglo-French almarie, from Latin armarium "cupboard, chest"
auspicate	v.	to begin or inaugurate with a ceremony meant to bring good luck	from Latin auspicari "to take the auspices", from auspex "augur"
barratry	n.	the offense of persistently stirring up quarrels or lawsuits (law)	from Anglo-French baraterie "deception, fraud", from barater "to cheat"
battledore	n.	a small, light racket for striking a shuttlecock, as in an early form of badminton	from Middle English batyldoure, perhaps from Occitan batedor "beater"
beadsman	n.	a person paid or endowed to pray for the soul of another, as a pensioner of an almshouse (archaic)	from Middle English bedesman, from bede "prayer" + man
blandiloquence	n.	flattering, smooth or complimentary speech	from Latin blandiloquentia, from blandus "flattering" + loqui "to speak"
cadastre	n.	an official register of land showing its extent, value and ownership, used as a basis for taxation	from French, via Italian catastro, ultimately from Late Greek katastichon "register"
cairngorm	n.	a smoky yellow or brown variety of quartz found in Scotland and used as a gem	named for the Cairngorm mountains of Scotland, from Scottish Gaelic càrn gorm "blue cairn"
caltrop	n.	a small device of iron spikes scattered on the ground to lame horses or halt vehicles	via Old English and Old French from Medieval Latin calcatrippa, of uncertain origin
capriole	n.	a leap in which a trained horse springs straight up and kicks out its hind legs	from French, from Italian capriola "a leap", from capriolo "roebuck"
cataplasm	n.	a poultice or plaster applied to the skin to soothe or treat an inflamed area	from Latin cataplasma, from Greek kataplasma, from kataplassein "to plaster over"
celadon	n.	a pale grayish-green color, or a Chinese porcelain glaze of that color	from French céladon, named for Céladon, a shepherd in Honoré d'Urfé's romance L'Astrée
cenobite	n.	a member of a religious order living in a monastic community, as distinct from a hermit	from Late Latin coenobita, from Greek koinobion "monastery", from koinos "common" + bios "life"
champerty	n.	an illegal bargain in which an outsider funds a lawsuit in return for a share of the proceeds (law)	from Anglo-French champartie, from champart "share of the produce of a field"
chasuble	n.	the sleeveless outer vestment worn by a priest celebrating Mass	from French, from Late Latin casubla "hooded garment"
chiack	v.	to tease or banter with good humor; to jeer at playfully (Australian and New Zealand informal)	origin uncertain; perhaps from 19th-century chi-hike, a shout of greeting
circumambient	adj.	surrounding on all sides; encompassing, as the air or the sea does	from Latin circum "around" + ambire "to go around"
clerestory	n.	the upper part of a church nave's wall, pierced with windows above the aisle roofs	from Middle English clere "clear" + story "floor of a building"
cockshy	n.	a target at which things are thrown at a fair; hence, a person or thing open to ridicule (British)	from cock + shy "a throw"
compotation	n.	a drinking together; a drinking bout or carousal among companions	from Latin compotatio, from com- "together" + potare "to drink"
comprador	n.	a local agent employed by a foreign business, as formerly in China, to deal with native traders	from Portuguese comprador "buyer", from Latin comparare "to purchase"
coquelicot	n.	the red corn poppy; also, the bright orange-red color of its flowers	from French coquelicot "corn poppy"
costermonger	n.	a person who sells fruit, vegetables or fish from a barrow in the street (British)	from costard "a large apple" + monger "dealer"
culverin	n.	a long-barreled cannon of the 16th and 17th centuries; earlier, a kind of handgun	from French couleuvrine, from couleuvre "snake", from Latin colubra
dandiprat	n.	a small or insignificant person; a dwarf or urchin (archaic)	origin unknown
daystar	n.	the morning star; also, poetically, the sun	from Old English dægsteorra "day star"
delate	v.	to accuse or denounce someone formally; to inform against (chiefly Scottish or archaic)	from Latin delatus, past participle of deferre "to bring down, report, accuse"
destrier	n.	a medieval knight's warhorse; a charger	from Anglo-French destrer, from destre "right hand", from Latin dextra
deuterogamy	n.	a second marriage, after the death of or divorce from a first spouse	from Greek deuterogamia, from deuteros "second" + gamos "marriage"
diriment	adj.	nullifying; of an impediment to marriage, making it void from the start (law)	from Latin dirimens, present participle of dirimere "to separate, interrupt"
dominie	n.	a schoolmaster (chiefly Scottish); also, a clergyman	from Latin domine, vocative of dominus "master, lord"
donjon	n.	the great inner tower or keep of a medieval castle	from Anglo-French donjun, probably ultimately from Latin dominus "lord"; a variant of dungeon
donnism	n.	the pedantic self-importance thought typical of university dons (chiefly British)	from don "a fellow of an Oxford or Cambridge college" + -ism
dossal	n.	an ornamental cloth hung behind an altar or at the sides of a chancel	from Medieval Latin dossale, ultimately from Latin dorsum "back"
dreich	adj.	of weather: dreary, bleak, cold and damp; also, tedious (Scottish)	from Middle English drih "enduring, tedious", of Germanic origin
dubbin	n.	a mixture of oil and tallow for softening and waterproofing leather	from dubbing, from dub "to dress leather with grease"
duende	n.	a mysterious power of artistic expression that deeply moves an audience, especially in flamenco	from Spanish duende "goblin, spirit"
dwam	n.	a swoon or fainting fit; also, a daydream or stupor (Scottish)	from earlier Scots dwalm, of Germanic origin
eburnean	adj.	of or like ivory, especially in whiteness or smoothness	from Latin eburneus "of ivory", from ebur "ivory"
eclogue	n.	a short pastoral poem, often a dialogue between shepherds	from Latin ecloga, from Greek eklogē "selection", from eklegein "to pick out"
ejido	n.	in Mexico, an area of communal farmland held by a village and worked by its members	from Spanish ejido "common land", from Latin exitus "a going out"
empleomania	n.	a mania for holding public office	from Spanish empleomanía, from empleo "employment, office" + manía "mania"
fadge	v.	to fit, suit or agree; to turn out well or succeed (archaic)	origin unknown
fetor	n.	a strong, offensive smell; a stench	from Latin fetor, from fetere "to stink"
fordo	v.	to kill or destroy; also, to wear out or exhaust (archaic)	from Old English fordōn, from for- (destructive) + dōn "to do"
fortalice	n.	a small fort; also, an outwork of a larger fortification	from Medieval Latin fortalitia, from Latin fortis "strong"
frumenty	n.	a dish of hulled wheat boiled in milk and flavored with sugar and spices	from Old French frumentee, from frument "grain", from Latin frumentum
funest	adj.	portending death or disaster; fatal, dire (archaic)	from French funeste, from Latin funestus "deadly", from funus "funeral"
furacious	adj.	given to stealing; thievish (rare)	from Latin furax, furac- "thievish", from fur "thief"
gazump	v.	to raise the price of a house after accepting a buyer's offer (British)	origin uncertain
gigmanity	n.	smug, conventional middle-class respectability; philistinism	coined by Thomas Carlyle from gigman, one respectable enough to keep a gig
glebe	n.	land belonging to a parish church, whose income supports the incumbent	from Latin gleba "clod, soil"
gorgonize	v.	to paralyze or petrify, as if with a terrifying stare	from the Gorgons of Greek myth, whose gaze turned onlookers to stone
grith	n.	peace, protection or sanctuary guaranteed by law or by a church (historical)	from Old English grith, from Old Norse grið "asylum, truce"
gymnosophist	n.	one of a sect of ancient Indian ascetic philosophers who wore little or no clothing	from Greek gymnosophistai, from gymnos "naked" + sophistēs "wise man"
hagiolatry	n.	the worship or excessive veneration of saints	from Greek hagios "holy" + latreia "worship"
harquebus	n.	an early portable gun fired by a matchlock, often rested on a support	from Middle French harquebuse, from Middle Dutch hakebusse "hook gun"
henotheism	n.	belief in and worship of one god without denying the existence of others	from Greek heis, henos "one" + theos "god"
holystone	n.	a soft sandstone formerly used to scrub the wooden decks of ships	from holy + stone; the reason for the name is uncertain
hypocaust	n.	an ancient Roman heating system of hot air circulated beneath a floor	from Latin hypocaustum, from Greek hypokaiein "to light a fire under"
illapse	n.	a gliding or flowing in, as of a divine influence into the soul (archaic)	from Latin illapsus, from illabi "to glide into"
imbrue	v.	to drench or stain, especially with blood	from Old French embreuver "to soak, drench"
inexpugnable	adj.	impossible to take by assault; impregnable, unconquerable	from Latin inexpugnabilis, from expugnare "to take by storm"
inquinate	v.	to pollute or contaminate; to corrupt (archaic)	from Latin inquinare "to pollute, befoul"
inspan	v.	to yoke or harness draft animals to a vehicle (South African)	from Afrikaans inspan, from Dutch inspannen "to harness"
insulse	adj.	dull, insipid or stupid; lacking wit (archaic)	from Latin insulsus "unsalted, tasteless", from in- "not" + salsus "salted"
irrision	n.	the act of laughing at someone; mockery or derision (archaic)	from Latin irrisio, from irridere "to laugh at"
japery	n.	jesting, buffoonery or practical joking	from jape "a joke or trick", of uncertain origin
jarvey	n.	the driver of a hackney coach or an Irish jaunting car (informal)	from a pet form of the personal name Jarvis, used as a nickname for coachmen
jumbuck	n.	a sheep (Australian informal; used in "Waltzing Matilda")	origin uncertain, perhaps from an Australian Aboriginal language
keek	v.	to peep or glance, especially furtively (Scottish)	from Middle English kiken; akin to Middle Dutch kiken "to look"
kef	n.	a state of dreamy, drowsy contentment, as induced by a narcotic	from Arabic kayf "pleasure, well-being"
kermess	n.	an outdoor fair or festival in the Low Countries, originally a church festival	from Dutch kermis, from kerk "church" + mis "mass"
kibe	n.	an ulcerated chilblain, especially one on the heel (archaic)	from Middle English, perhaps of Celtic origin
kylix	n.	a shallow, two-handled drinking cup on a stem, used in ancient Greece	from Greek kylix "cup"
kyte	n.	the belly or stomach (Scottish)	origin uncertain
lampion	n.	a small oil lamp, often of colored glass, used in illuminations	from French, from Italian lampione, augmentative of lampa "lamp"
leechcraft	n.	the art of healing; medical skill (archaic)	from Old English lǣcecræft, from lǣce "physician" + cræft "skill"
lippitude	n.	soreness and bleariness of the eyes (archaic)	from Latin lippitudo, from lippus "blear-eyed"
macilent	adj.	lean and thin; wasted or emaciated (rare)	from Latin macilentus, from macies "leanness"
manchet	n.	a small loaf of the finest white wheaten bread (archaic)	from Middle English manchete, of uncertain origin
marchpane	n.	marzipan; a confection of almond paste and sugar (archaic)	from Middle French marcepain, from Italian marzapane, of uncertain origin
menticide	n.	the systematic destruction of a person's mind or will, as by brainwashing	from Latin mens, ment- "mind" + -cide "killing"
minish	v.	to make or become less; to diminish (archaic)	from Anglo-French menuser, ultimately from Latin minutus "small"
misdoubt	v.	to doubt or distrust; to suspect or fear (archaic)	from mis- + doubt
mistigris	n.	a joker or blank card used as a wild card in a form of poker	from French mistigri "jack of clubs"
moidore	n.	a former gold coin of Portugal and Brazil	from Portuguese moeda de ouro "coin of gold"
monomachy	n.	single combat; a duel between two people	from Greek monomachia, from monos "single" + machē "battle"
morion	n.	a crested metal helmet with no visor, worn by soldiers in the 16th and 17th centuries	from Middle French, from Spanish morrión
nainsook	n.	a soft, lightweight cotton muslin, originally from India	from Hindi nainsukh, from nain "eye" + sukh "delight"
niffer	v.	to barter or trade; to exchange one thing for another (Scottish)	origin uncertain
nisus	n.	a mental or physical effort to attain an end; a striving or impulse	from Latin nisus "effort", from niti "to strive"
nobbut	adv.	nothing but; only, merely (chiefly Northern English dialect)	from Middle English no but "nothing but"
numen	n.	a divine power or spirit, especially one presiding over a place or thing	from Latin numen "divine will", literally "a nod"
obvert	v.	to turn so as to present a different side or surface	from Latin obvertere "to turn toward"
oleograph	n.	a chromolithograph printed on cloth or textured to imitate an oil painting	from Latin oleum "oil" + -graph
oliphant	n.	a medieval hunting or signaling horn carved from an elephant's tusk	from Old French olifant "elephant", from Latin elephantus
orphrey	n.	an ornamental band of embroidery, often of gold, on an ecclesiastical vestment	from Old French orfreis, from Medieval Latin aurifrigium, from aurum "gold" + Phrygius
ouphe	n.	an elf or goblin (archaic; used by Shakespeare)	perhaps a variant of oaf in its early sense "elf's child"
perdure	v.	to continue to exist; to last or endure permanently	from Latin perdurare "to last", from per- "throughout" + durare "to last"
petrous	adj.	like stone, especially in hardness; stony	from Latin petrosus "rocky", from petra "rock", from Greek
philodox	n.	a person in love with their own opinions; a lover of opinion rather than of truth	from Greek philodoxos "loving opinion or glory", from philos "loving" + doxa "opinion"
preantepenultimate	adj.	fourth from the last, as a syllable in a word	from pre- "before" + antepenultimate "third from last"
precisian	n.	a person rigidly precise in observing rules, especially of religion or morals	from precise + -ian; formerly applied to the Puritans
protreptic	adj.	serving to exhort or urge on; hortatory	from Greek protreptikos "exhortatory", from protrepein "to urge on"
pursy	adj.	short of breath, especially because of corpulence	from Anglo-French pursif, from Old French polsif, from polser "to pant"
quadragesimal	adj.	lasting forty days, as a fast; of or relating to Lent	from Late Latin quadragesimalis, from quadragesima "Lent", literally "fortieth"
quey	n.	a heifer; a young cow that has not yet borne a calf (Scottish)	from Old Norse kvīga "heifer"
quisquilious	adj.	of the nature of rubbish; trashy, worthless or trivial	from Latin quisquiliae "refuse, rubbish" + -ous
reluct	v.	to struggle or rebel against something; to be unwilling (archaic)	from Latin reluctari "to struggle against", from re- + luctari "to wrestle"
reptation	n.	the act of creeping or crawling, as a snake does	from Latin reptatio, from reptare "to creep"
rigadoon	n.	a lively jumping dance for couples, popular in the 17th and 18th centuries	from French rigodon, rigaudon, of uncertain origin
rivel	v.	to wrinkle or shrivel; to crumple into small folds (archaic)	from Middle English rivelen, of Old English origin
rondure	n.	a circle or rounded form; graceful roundness (literary)	from French rondeur "roundness", from rond "round"
roquelaure	n.	a knee-length cloak worn by men in the 18th and early 19th centuries	named after the duc de Roquelaure (died 1738), a French marshal
rumgumption	n.	common sense; shrewd practical judgment (Scottish and northern English)	probably from rum + gumption "common sense"
saeculum	n.	a long period of time; an age, often reckoned as the span of a human lifetime	from Latin saeculum "generation, age, century"
saltation	n.	the act of leaping or jumping; a leap, bound or sudden movement	from Latin saltatio "dancing", from saltare "to leap, dance"
sanative	adj.	having the power to heal or cure; curative	from Medieval Latin sanativus, from Latin sanare "to heal"
scacchic	adj.	of, relating to or characteristic of chess	from Italian scacchi "chess" + -ic
scutter	v.	to scurry or scamper with short, hurried steps (chiefly British)	probably an alteration of scuttle "to scurry"
sermocination	n.	the making of speeches or sermons; preaching or discoursing (obsolete)	from Latin sermocinatio "conversation", from sermocinari "to converse", from sermo
shandygaff	n.	a drink of beer mixed with ginger beer or ginger ale	origin unknown
sheugh	n.	a ditch, trench or furrow (Scottish and northern English)	from Middle English sogh "swamp"
shoogle	v.	to shake, sway or rock back and forth (Scottish)	a Scots form of shoggle, frequentative of shog "to shake"
siffleur	n.	a professional whistler, especially one who whistles music as a performer	from French siffleur "whistler", from siffler "to whistle"
silvicolous	adj.	living or growing in woods or forests	from Latin silvicola "inhabitant of the woods", from silva "wood"
sippet	n.	a small piece of toast or fried bread, for dipping in soup or gravy	apparently a diminutive of sop or sip
skelder	v.	to get money by begging or swindling (archaic)	origin unknown; first recorded in Ben Jonson (1602)
smirr	n.	a fine, misty drizzle of rain (Scottish)	origin uncertain
solander	n.	a protective box made in the form of a book, for storing maps, prints or specimens	named after Daniel Solander (died 1782), Swedish botanist
sorn	v.	to impose on others for free food and lodging; to sponge (Scottish)	from obsolete sorren "free quarters owed to a lord", from Irish
spagyric	adj.	of or relating to alchemy; alchemical	from New Latin spagiricus, probably coined by Paracelsus
stithy	n.	an anvil; also, a smithy or forge (archaic)	from Old Norse stethi "anvil"
subaudition	n.	the act of understanding what is implied but not expressed; a meaning so understood	from Late Latin subauditio, from sub- "under" + audire "to hear"
symposiarch	n.	the master or president of a symposium; hence, a toastmaster	from Greek symposiarchos, from symposion "drinking party" + archos "ruler"
tabescent	adj.	wasting away; progressively emaciated or withering	from Latin tabescere "to waste away", from tabes "a wasting"
terraqueous	adj.	consisting of land and water, as the earth or globe does	from Latin terra "land" + aqueous
tipstaff	n.	an officer who carries a metal-tipped staff as a badge of office, as a court usher	from obsolete tipt staff "tipped staff"
tirl	v.	to make a rattling sound, as by jiggling a door latch to seek entry (Scottish)	an alteration of trill
umbriferous	adj.	casting or giving shade; shady, as a tree or grove	from Latin umbrifer "shade-bringing", from umbra "shade" + ferre "to bear"
ustulation	n.	the act of burning, scorching or roasting	from Medieval Latin ustulatio, from Latin ustulare "to scorch", from urere "to burn"
vespiary	n.	a nest or colony of wasps or hornets	from Latin vespa "wasp", on the model of apiary
vituline	adj.	of, relating to or resembling a calf or veal	from Latin vitulinus, from vitulus "calf"
volitant	adj.	flying or able to fly; flitting about	from Latin volitare "to fly about", frequentative of volare "to fly"
wappenshaw	n.	a periodic muster of the men of a Scottish district to show they were properly armed	from Scots wapinschawing, from wapin "weapon" + schawing "showing"
whipjack	n.	a vagabond who begs while pretending to be a shipwrecked or distressed sailor (obsolete)	origin uncertain; apparently from whip + jack
witling	n.	a person who fancies themselves witty; a petty or would-be wit	from wit + -ling
wrackful	adj.	causing ruin or destruction; destructive (archaic)	from wrack "ruin, destruction" + -ful
yeanling	n.	a young lamb or kid; a newborn sheep or goat	from yean "to give birth to lambs or kids" + -ling
yeuk	v.	to itch; to feel an irritating urge to scratch (Scottish)	from northern Middle English yuken, perhaps from Middle Dutch jeuken; akin to itch
zenzizenzizenzic	n.	the eighth power of a number: the square of the square of its square (obsolete)	zenzi- repeated, from Italian censo "square"; first recorded in Robert Recorde, 1557
zoanthropy	n.	a delusion in which a person believes they have become an animal	from Greek zōion "animal" + anthrōpos "human being"
zythum	n.	a kind of malt beer brewed in ancient Egypt	via Latin from Greek zythos "beer", of uncertain origin
abigail	n.	a lady's maid; a personal maidservant (dated)	from Abigail, a waiting gentlewoman in Beaumont and Fletcher's The Scornful Lady
aby	v.	to pay the penalty for; to atone for (archaic)	from Old English ābycgan "to pay for", from bycgan "to buy"
accipitrine	adj.	of or relating to hawks; resembling a hawk, especially in being predatory	from Latin accipiter "hawk"
acnestis	n.	the part of an animal's back, between the shoulder blades and the loins, that it cannot reach to scratch	from Greek aknēstis "spine, backbone"
adipocere	n.	a waxy substance formed from the fat of corpses buried in damp ground; grave wax	from French adipocire, from Latin adeps "fat" + French cire "wax"
afreet	n.	a powerful evil demon or monstrous giant in Arabic mythology	from Arabic 'ifrīt
afterclap	n.	an unexpected, usually unwelcome, sequel to a matter that seemed closed	from Middle English, from after + clap "a sudden blow or noise"
agnail	n.	a hangnail: a torn strip of skin at the side or base of a fingernail	from Old English angnægl (originally a corn on the foot), from nægl "nail"
aroint	v.	to go away or be gone; used only as a command, followed by "thee" (archaic)	origin unknown; best known from Shakespeare's Macbeth and King Lear
arrière-pensée	n.	a mental reservation; a concealed thought or ulterior motive	from French, literally "behind-thought"
atomy	n.	a skeleton; hence, an emaciated, wasted person (archaic)	from anatomy, by false division as "an atomy"
autotelic	adj.	having an end or purpose in itself; done for its own sake	from Greek autotelēs "complete in itself", from autos "self" + telos "end"
avizandum	n.	in Scots law, a judge's private consideration of a case before giving judgment	from Medieval Latin avizandum, gerundive of avizare "to consider"
azoth	n.	mercury, regarded by alchemists as the first principle of all metals	from Medieval Latin, alteration of azoc, from Arabic al-zā'ūq "the mercury"
bandobast	n.	in India and Pakistan, an arrangement or settlement; organized preparations	from Hindi, from Persian band-o-bast, literally "tying and binding"
battue	n.	a hunt in which beaters drive game toward the guns; hence, an indiscriminate slaughter	from French, from battre "to beat"
beamish	adj.	beaming with happiness, optimism or good cheer	from beam + -ish; used by Lewis Carroll in "Jabberwocky" (1871)
beshrew	v.	to curse or wish harm on, later chiefly in mild oaths (archaic)	from Middle English beshrewen, from be- + shrewen "to curse"
boutade	n.	a sudden outburst or witty sally; a caprice	from French, from bouter "to thrust, strike"
carrefour	n.	a crossroads, or a public square where several roads meet	from French, from Late Latin quadrifurcus "having four forks"
cataphract	n.	a heavily armored cavalryman of the ancient world, with horse and rider both clad in mail	from Latin cataphractus, from Greek kataphraktos "covered, armored"
cater-cousin	n.	an intimate friend; one close enough to be treated as a cousin (archaic)	origin uncertain; perhaps from obsolete cater "a buyer of provisions" + cousin
ceruse	n.	white lead, formerly used as a cosmetic to whiten the skin	from Latin cerussa
chantage	n.	blackmail; extortion by threatening to reveal something scandalous	from French, from chanter "to sing"
chaptalize	v.	to add sugar to grape must before fermentation to raise the alcohol content	after Jean-Antoine Chaptal (1756-1832), French chemist
chelonian	adj.	of, relating to or resembling turtles and tortoises	from Greek chelōnē "tortoise"
claustral	adj.	of or like a cloister; secluded or confined	from Medieval Latin claustralis, from Latin claustrum "enclosure, cloister"
clem	v.	to suffer or cause to suffer from hunger; to starve (British dialect)	from Middle English clemmen, of Germanic origin; related to Dutch klemmen "to pinch"
cockloft	n.	a small loft or garret just under the ridge of a roof	origin uncertain; perhaps an alteration of coploft, influenced by cock
colly	v.	to blacken with coal dust or soot; to begrime (archaic)	from Middle English colwen, from Old English col "coal"
complot	n.	a conspiracy or plot (archaic)	from French, of uncertain origin
compossible	adj.	able to exist or be true together with something else; mutually compatible	from Medieval Latin compossibilis, from com- "together" + possibilis "possible"
comstockery	n.	zealous moral censorship of art or literature thought to be obscene	from Anthony Comstock (1844-1915), US anti-vice crusader; coined by G. B. Shaw
concetto	n.	an ingenious or elaborate conceit; a witty turn of phrase	from Italian, "concept, conceit", from Latin conceptus
conversazione	n.	a social gathering for conversation, especially about literature, art or science	from Italian, "conversation"
corsned	n.	a medieval ordeal in which the accused swallowed a consecrated morsel; choking on it meant guilt	from Old English corsnǣd, from cor "trial" + snǣd "piece"
crescive	adj.	increasing or growing; tending to grow gradually	from Latin crescere "to grow"
darg	n.	a day's work, or a fixed amount of work (Scots and northern English)	a contraction of Middle English daywerk "day's work"
declivitous	adj.	having a steep downward slope; sharply sloping	from declivity, from Latin declivis "sloping down"
demit	v.	to resign or relinquish an office or position	from Middle French demettre, from de- + mettre "to put", from Latin mittere
deuteragonist	n.	the character of second importance in a drama, after the protagonist	from Greek deuteragōnistēs, from deuteros "second" + agōnistēs "actor"
distrait	adj.	absent-minded or distracted, especially through anxiety	from French, from Old French destrait, past participle of destraire "to distract"
doit	n.	a small copper coin of the old Netherlands; hence, a trifling amount	from Dutch duit
doited	adj.	foolish or muddled, especially from old age (Scots)	probably from Middle English doted, past participle of doten "to dote"
donnée	n.	the premise or set of assumptions on which a work of fiction or drama is based	from French, feminine past participle of donner "to give"
dragonnade	n.	persecution by quartering dragoons on people, as on French Protestants under Louis XIV	from French, from dragon "dragoon"
ectype	n.	a copy or reproduction, as opposed to the original or archetype	from Latin ectypus, from Greek ektypos "worked in relief"
eld	n.	old age; the state or time of being old (archaic)	from Old English eldo, from eald "old"
émeute	n.	a popular uprising or riot, especially against authority	from French, from Old French esmouvoir "to stir up"
empressement	n.	a demonstrative show of warmth, cordiality or eagerness	from French, from empresser "to hurry, be eager"
etui	n.	a small ornamental case for needles, scissors or cosmetics	from French étui, from Old French estui "case, sheath"
euhemerism	n.	the theory that myths are distorted accounts of real historical people and events	from Euhemerus, a Greek mythographer of about 300 BC
exility	n.	slenderness, thinness or meagerness	from Latin exilitas, from exilis "thin, slender"
exscind	v.	to cut out or cut off; to excise or remove	from Latin exscindere, from ex- "out" + scindere "to cut"
fimbriate	adj.	fringed; bordered with slender hair-like projections, as some petals are	from Latin fimbriatus "fringed", from fimbriae "threads, fringe"
footpad	n.	a robber who waylays travelers on foot; a highwayman without a horse (historical)	from foot + obsolete pad "road, path"
forby	adv.	besides; in addition (chiefly Scottish)	from Middle English forby, from for + by
frigorific	adj.	causing or producing cold; chilling	from Latin frigorificus, from frigus "cold" + facere "to make"
frounce	v.	to curl or frizz the hair; also, to gather cloth into pleats (archaic)	from Anglo-French froncir "to wrinkle", of Germanic origin
fulvous	adj.	of a dull yellowish-brown color; tawny	from Latin fulvus "reddish yellow, tawny"
galliard	n.	a lively court dance in triple time, popular in the 16th and 17th centuries	from French gaillarde, from gaillard "lively, valiant"
gemütlich	adj.	agreeably cozy and cheerful; warmly genial and comfortable	from German gemütlich, from Gemüt "mind, disposition"
gnar	v.	to snarl or growl, as a dog does (archaic)	of imitative origin
gnomon	n.	the upright pin or plate on a sundial whose shadow marks the time	from Greek gnōmōn "indicator", literally "one who knows"
grabble	v.	to grope or feel about with the hands; also, to sprawl on the ground	from Dutch grabbelen, frequentative of grabben "to grab"
gracile	adj.	gracefully slender; of slight or delicate build	from Latin gracilis "slender"
grallatorial	adj.	of or relating to wading birds, such as herons, storks and cranes	from Latin grallator "stilt-walker", from grallae "stilts"
handsel	n.	a gift given at the new year or at the start of a venture, to bring good luck	from Old English handselen and Old Norse handsal, both "a giving into the hand"
hariolation	n.	divination or soothsaying; the foretelling of the future (obsolete)	from Latin hariolatio, from hariolari "to prophesy"
heliolatry	n.	worship of the sun, especially as a deity	from Greek hēlios "sun" + latreia "worship"
hispid	adj.	rough with stiff hairs or bristles; bristly (chiefly in botany and zoology)	from Latin hispidus "shaggy, bristly"
impinguate	v.	to make fat or fleshy; to fatten (obsolete)	from Latin impinguare, from in- + pinguis "fat"
inconnu	n.	a person who is unknown; a stranger	from French inconnu "unknown"
incult	adj.	uncultivated; hence, rough, unpolished or uncouth (archaic)	from Latin incultus "untilled", from in- "not" + cultus "tilled"
indign	adj.	unworthy or undeserving; also, shameful or disgraceful (archaic)	from Latin indignus "unworthy"
inescate	v.	to lure with bait; hence, to entice or deceive (obsolete)	from Latin inescare "to bait", from esca "food, bait"
inutile	adj.	useless; of no practical value or service	from Latin inutilis, from in- "not" + utilis "useful"
jackstraw	n.	one of the thin sticks used in the game of jackstraws, or pick-up sticks	from jack + straw; compare Jack Straw, a leader of the 1381 Peasants' Revolt
jardinière	n.	an ornamental pot or stand for displaying plants or flowers	from French jardinière, feminine of jardinier "gardener"
jargogle	v.	to jumble or muddle, as thoughts or ideas (obsolete)	origin unknown
kakemono	n.	a Japanese painting or piece of calligraphy mounted on a vertical hanging scroll	from Japanese, from kake "hanging" + mono "thing"
keddah	n.	a stockade or enclosure used in India for trapping wild elephants	from Hindi
kist	n.	a chest, coffer or strongbox (Scottish)	from Old Norse kista "chest"
koumiss	n.	a fermented drink made from mare's milk, traditional in Central Asia	from Russian kumys, of Turkic origin
labile	adj.	readily undergoing change; unstable, especially in mood or chemical makeup	from Late Latin labilis "slippery", from Latin labi "to slip"
lamia	n.	in classical myth, a female monster who devoured children; hence, a vampire-like witch	from Latin, from Greek lamia, a devouring female monster
laniary	adj.	adapted for tearing flesh, as the canine teeth of carnivores are	from Latin laniarius "of a butcher", from lanius "butcher"
larboard	n.	the left-hand side of a ship when facing forward; port (archaic)	from Middle English ladeborde, origin uncertain; later altered after starboard
lethiferous	adj.	deadly; causing or bringing death (archaic)	from Latin letifer, from letum "death" + ferre "to bring"
luxate	v.	to put a bone or joint out of place; to dislocate	from Latin luxare "to dislocate", from luxus "dislocated"
macédoine	n.	a dish of mixed diced fruits or vegetables; hence, any medley	from French macédoine, literally "Macedonia"; the reason for the name is uncertain
madefy	v.	to make wet; to moisten (obsolete)	from Latin madefacere, from madere "to be wet" + facere "to make"
malaxate	v.	to soften by kneading, rolling or rubbing, as clay or dough	from Latin malaxare "to soften"
malentendu	n.	a misunderstanding; a mistaken interpretation (rare)	from French malentendu, from mal "badly" + entendu "understood"
mardy	adj.	sulky, moody or easily upset; spoiled (Northern English dialect)	from dialect mard "spoiled", probably from marred
mordacious	adj.	biting or caustic in manner or style; sharply sarcastic	from Latin mordax "biting", from mordere "to bite"
morganatic	adj.	of a marriage between a royal and a spouse of lower rank who gains no title or inheritance	from New Latin morganaticus, from a Germanic word for "morning gift"
musard	n.	a dreamer; an absent-minded or idly musing person (obsolete)	from Old French musard, from muser "to muse, idle"
nacreous	adj.	having the iridescent luster of mother-of-pearl; pearly	from nacre "mother-of-pearl", from French, of uncertain further origin
niminy-piminy	adj.	affectedly dainty or refined; mincing	a rhyming reduplication; origin uncertain
noetic	adj.	of, relating to, or arising from the intellect or reason	from Greek noētikos "intellectual", from noein "to think"
obdormition	n.	numbness of a limb from pressure on a nerve, as when a foot "falls asleep"	from Latin obdormire "to fall asleep"
obeah	n.	a form of folk magic and sorcery practiced in parts of the Caribbean	of West African origin
oblectation	n.	delight or pleasure; the act of pleasing highly (obsolete)	from Latin oblectatio, from oblectare "to delight"
obrogate	v.	to repeal a law by passing a new one that supersedes it (rare)	from Latin obrogare, from ob- "against" + rogare "to propose (a law)"
oenomel	n.	a drink of wine mixed with honey, as made in ancient Greece	from Greek oinomeli, from oinos "wine" + meli "honey"
onomatomania	n.	an obsessive preoccupation with a particular word, or anguish at failing to recall one	from Greek onoma "name" + mania "madness"
outrance	n.	the last extremity, as in a combat fought to the finish or to the death	from French outrance "excess", from outrer "to carry to excess"
oxgang	n.	an old measure of land, one-eighth of a plowland, reckoned as what one ox could till (historical)	from Old English oxangang, from oxa "ox" + gang "going"
pandect	n.	a complete code of the laws of a country or system of law; a comprehensive digest	from Late Latin pandectae, from Greek pandektēs "all-receiving"
pelisse	n.	a long cloak or coat made of, lined with or trimmed with fur	from French, ultimately from Latin pellis "skin"
phillumenist	n.	a collector of matchbox labels or matchbooks	from phil- "loving" + Latin lumen "light" + -ist
pickeer	v.	to skirmish in advance of an army; to scout or reconnoiter (archaic)	perhaps from French picorer "to maraud"
plenish	v.	to fill up, stock or furnish, as a house or farm (chiefly Scottish)	from Middle French pleniss-, stem of plenir "to fill", from Latin plenus "full"
postil	n.	a marginal note or comment, especially one on a passage of Scripture (archaic)	from Medieval Latin postilla, perhaps from post illa (verba) "after those (words)"
propaedeutic	adj.	serving as preliminary instruction or an introduction to further study	from Greek propaideuein "to teach beforehand", from pro- "before" + paideuein "to teach"
quaich	n.	a shallow two-handled drinking cup of Scottish origin	from Scottish Gaelic cuach "cup"
rack-rent	n.	an excessive rent, equal or nearly equal to the full annual value of the property	from rack (verb) "to strain, oppress" + rent
ramage	n.	the branches of a tree taken collectively; boughs	from French, from Old French raim "branch", from Latin ramus
razee	n.	a wooden warship made smaller by cutting away its upper deck	from French rasé "shaved, cut down", past participle of raser
rebec	n.	a medieval bowed stringed instrument with a pear-shaped body	from Middle French, altered from Old French rubebe, from Arabic rabāb
recrement	n.	superfluous or worthless matter separated from something useful; dross	from Latin recrementum "dross", from re- + cernere "to sift"
rede	v.	to advise or counsel (archaic)	from Old English rǣdan "to advise, interpret"
risorial	adj.	relating to or producing laughter	from Latin risor "laugher", from ridere "to laugh"
rorty	adj.	lively and rowdy, especially of a party or a good time (British slang)	origin unknown
roup	v.	to sell at public auction (chiefly Scottish)	from Middle English roupen "to cry out", of Scandinavian origin
scamble	v.	to struggle or scramble for something; to grab greedily (archaic)	origin unknown
scantling	n.	a small piece of lumber, such as an upright in the frame of a house	from Middle English scantilon "mason's gauge", from Anglo-French escantillon
scutiform	adj.	having the form or outline of a shield	from Latin scutum "shield" + -form
sgraffito	n.	decoration made by scratching through a surface layer to reveal a different-colored ground	from Italian, past participle of sgraffire "to scratch"
shagreen	n.	untanned leather with a rough granular surface, usually dyed green	alteration of French chagrin, from Turkish sağrı "rump"
shallop	n.	a light open boat with oars or sails, used chiefly in shallow waters	from French chaloupe, of uncertain origin
smatter	v.	to talk superficially about something; to dabble in a subject	from Middle English smateren "to chatter"
smoor	v.	to smother; especially, to damp down a fire so it smolders (Scottish)	from Old English smorian "to suffocate"
sned	v.	to lop or prune branches from a tree (Scottish and northern English dialect)	from Old English snǣdan "to cut"
soutane	n.	a cassock, especially one worn by a Roman Catholic priest	from French, from Italian sottana, from sotto "under"
spancel	n.	a rope for hobbling an animal, tied between its legs	from Dutch or Low German spansel, from spannen "to stretch, tie"
sprag	n.	a bar or wedge thrust into a wheel's spokes or into the ground to stop a vehicle rolling	origin uncertain
squiffy	adj.	slightly drunk; tipsy (British informal)	origin unknown
squinny	v.	to squint or peer with half-shut eyes (dialect)	origin uncertain; compare squint
stannary	n.	a tin-mining district, especially in Cornwall or Devon	from Medieval Latin stannaria "tin mine", from Late Latin stannum "tin"
stirk	n.	a young bullock or heifer, usually between one and two years old (British dialect)	from Old English stirc "calf"
stirpiculture	n.	the selective breeding of special stocks or strains, especially of people; eugenics	from Latin stirps, stirp- "stock, stem" + culture
stook	n.	a group of sheaves of grain stood upright together in a field to dry; a shock	from Middle English stouk, probably of Low German origin
stover	n.	dried stalks and leaves of corn or other grain, left after harvest and used as fodder	from Middle English, short for Anglo-French estover "necessaries"
surrejoinder	n.	a plaintiff's reply to a defendant's rejoinder, in common-law pleading	from sur- "over, beyond" + rejoinder
taboret	n.	a low cylindrical stool without back or arms	from French tabouret "stool", diminutive of Old French tabour "drum"
taffrail	n.	the rail around the stern of a ship	altered from taffarel, from Dutch tafereel "panel, picture"
testudo	n.	a Roman military formation of soldiers with shields overlapped above their heads, like a shell	from Latin testudo "tortoise, tortoise shell", from testa "shell"
transpontine	adj.	on the far side of a bridge; specifically, south of the Thames in London, as its old melodramas were	from trans- "across" + Latin pons, pont- "bridge"
tweedle	v.	to play idly or carelessly on a musical instrument	probably imitative
umbles	n.	the edible entrails of an animal, especially a deer	from Anglo-French nombles, ultimately from Latin lumbulus "little loin"
unau	n.	the two-toed sloth of South America	from French, from Tupi
uniped	n.	a person or animal having only one foot or leg	from Latin uni- "one" + pes, ped- "foot"
vavasor	n.	a feudal vassal who held land from a great lord and had vassals under him	from Anglo-French, perhaps from Medieval Latin vassus vassorum "vassal of vassals"
vicinage	n.	a neighborhood or surrounding district; also, the people living in it	from Anglo-French veisinage, from veisin "neighbor", from Latin vicinus
virgate	n.	an old English unit of land area, usually about 30 acres	from Medieval Latin virgata, from Latin virga "rod"
wersh	adj.	tasteless or insipid; also, sour or bitter (Scottish)	origin uncertain
whelm	v.	to engulf or submerge completely, as a flood does (literary)	from Middle English whelmen "to turn over"
wimble	n.	a hand tool for boring holes, such as a gimlet or auger	from Anglo-French, of Low German origin
yapok	n.	a semiaquatic opossum of Central and South America with webbed hind feet; the water opossum	from Oyapock, a river on the border of French Guiana and Brazil
zax	n.	a hatchet-like tool for cutting roofing slates and punching nail holes in them	alteration of sax "knife", from Old English seax
zenana	n.	the part of a house in India or Iran reserved for the women of the household	from Hindi and Urdu zanāna, from Persian zan "woman"
zibeline	n.	the fur of the sable, a small marten of northern Asia	from French, from Italian zibellino, of Slavic origin
